anitalianinmykitchen:squash-risotto	course	side	main	Pumpkin Risotto
anitalianinmykitchen:meatball-stuffed-crescent-rolls	course	baking	main	Meatball Stuffed Crescent Rolls
anitalianinmykitchen:zucchini-risotto	course	side	main	Creamy Italian Zucchini Risotto
anitalianinmykitchen:chocolate-chip-bundt-cake	course	dessert	breakfast	Easy Italian Breakfast Cake
anitalianinmykitchen:breakfast-crescent-rolls	course	baking	breakfast	Sourdough Breakfast Crescent Rolls
anitalianinmykitchen:stuffed-meat-rolls	course	baking	main	Grilled Stuffed Beef Rolls
anitalianinmykitchen:breakfast-cookies	course	dessert	breakfast	Chocolate Dipped Breakfast Cookies
anitalianinmykitchen:almond-roll	course	breakfast	baking	Homemade Almond Roll
anitalianinmykitchen:lazy-cabbage-rolls	course	baking	main	Unstuffed Cabbage Rolls
anitalianinmykitchen:italian-breakfast-cookies	course	dessert	breakfast	Traditional Italian Breakfast Cookies
anitalianinmykitchen:chocolate-tiramisu-cake-roll	course	dessert	baking	Chocolate Tiramisu Swiss Roll
anitalianinmykitchen:breakfast-biscotti	course	dessert	breakfast	Italian Homemade Breakfast Biscotti
anitalianinmykitchen:breakfast-buns	course	baking	breakfast	Soft Italian Breakfast Buns
anitalianinmykitchen:italian-easter-bread-breakfast-casserole	course	side	breakfast	Easy Easter Bread Breakfast Casserole
anitalianinmykitchen:mushroom-risotto	course	side	main	Creamy Mushroom Risotto
anitalianinmykitchen:lasagna-rolls	course	baking	main	Stuffed Lasagna Rolls
anitalianinmykitchen:cheese-risotto	course	side	main	Italian Four Cheese Risotto
archanaskitchen:recipe_cream-cheese-mango-kulfi-recipe	course	main	dessert	Creamy Mango Kulfi Recipe With Cream Cheese
archanaskitchen:recipe_videp-recipe-how-to-make-a-homemade-spring-roll-wrapper	course	main	snack	Homemade Spring Roll Wrapper Recipe
archanaskitchen:recipe_avocado-quinoa-breakfast-muffins	course	baking	breakfast	Avocado Quinoa Breakfast Muffins Recipe
archanaskitchen:recipe_healthy-vanilla-chocolate-chip-breakfast-muffins-recipe	course	baking	breakfast	Healthy Vanilla Chocolate Chip Breakfast Muffins Recipe
archanaskitchen:recipe_healthy-breakfast-oatmeal-muffins	course	baking	breakfast	Eggless Breakfast Oatmeal Raisin Muffin Recipe
archanaskitchen:recipe_mocha-swiss-roll-recipe-cream-roll	course	drink	baking	Mocha Swiss Roll Recipe (Cream Roll)
archanaskitchen:recipe_carrot-bran-breakfast-muffin-recipes	course	baking	breakfast	Carrot Bran Breakfast Muffin Recipe
archanaskitchen:recipe_zhejiang-style-crispy-five-spice-powder-spring-roll-recipe	course	main	snack	Zhejiang Style Crispy Five Spice Powder Spring Roll Recipe
archanaskitchen:recipe_vietnamese-rice-paper-rolls-recipe	course	baking	snack	Vietnamese Rice Paper Rolls Recipe
archanaskitchen:recipe_muesli-chia-seeds-kaiser-roll-recipe-hard-roll-recipe	course	breakfast	baking	Muesli Chia Seeds Kaiser Roll Recipe - Hard Roll Recipe
archanaskitchen:recipe_video-recipe-spicy-baked-potato-rolls	course	side	baking	Healthy Aloo Roll Recipe (Baked Bread Potato Roll)
archanaskitchen:recipe_grilled-eggplant-roll-recipe-with-spicy-herbed-carrots	course	side	baking	Grilled Eggplant Roll Recipe With Spicy Herbed Carrots
archanaskitchen:recipe_narkel-naru-ladoo-recipe-with-grated-coconut	course	main	dessert	Narkel Naru Ladoo Recipe | Bengali Style Coconut Ladoo Recipe
archanaskitchen:recipe_paan-matka-kulfi-recipe	course	main	dessert	Paan Matka Kulfi Recipe
archanaskitchen:recipe_badam-elaichi-kulfi-almond-cardamom-kulfi-recipe	course	main	dessert	Badam Elaichi Kulfi Recipe
archanaskitchen:recipe_kesar-pista-kulfi-recipe-indian-icecream-dessert-recipe	course	main	dessert	Kesar Pista Kulfi Recipe
archanaskitchen:recipe_kaju-pista-roll-recipe-cashew-nut-pistachio-fudge	course	dessert	baking	Kaju Pista Roll Recipe - Cashew Nut Pistachio Fudge
archanaskitchen:recipe_masala-chai-kulfi-recipe	course	drink	dessert	Masala Chai Kulfi Recipe With Bourbon Chocolate Syrup
archanaskitchen:recipe_mango-ladoo-recipe	course	main	dessert	Mango Ladoo Recipe
archanaskitchen:recipe_averekallu-rava-laddu-recipe-field-beans-semolina-balls-recipe	course	side	dessert	Averekaalu Rava Laddu Recipe - Field Beans Semolina Ladoo
archanaskitchen:recipe_pumpkin-coconut-ladoo-recipe	course	main	dessert	Pumpkin Coconut Ladoo Recipe
archanaskitchen:recipe_badam-pottukadalai-ladoo-recipe	course	side	dessert	Badam Pottukadalai Ladoo Recipe - Almond Chana Dal Ladoo
archanaskitchen:recipe_til-ke-ladoo-sesame-ladoo-recipe	course	main	dessert	Til Ke Ladoo Recipe - Sesame Ladoo Recipe
archanaskitchen:recipe_green-tea-coconut-ladoo-recipe-coconut-energy-balls	course	drink	dessert	Green Tea Coconut Ladoo Recipe - Coconut Energy Balls
archanaskitchen:recipe_kaju-badam-ladoo-recipe-sweet-cashew-nut-almond-energy-balls	course	main	dessert	Kaju Badam Ladoo Recipe
archanaskitchen:recipe_flax-seed-ladoo	course	main	dessert	Flax Seed Ladoo Recipe
archanaskitchen:recipe_channa-dal-ladoo-besan-ka-ladoo	course	side	dessert	Besan Ladoo Recipe - Chana Dal Ladoo
archanaskitchen:recipe_moong-dal-ladoo-recipe	course	side	dessert	Moong Dal Ladoo Recipe
archanaskitchen:recipe_panjiri-ladoo-recipe	course	main	dessert	Panjiri Ladoo Recipe
archanaskitchen:recipe_a-creamy-delicious-gulkand-kulfi-recipe	course	main	dessert	A Creamy & Delicious Gulkand Kulfi Recipe
archanaskitchen:recipe_thandai-kulfi-recipe-festive-twist-to-the-original-recipe	course	main	dessert	Thandai Kulfi Recipe - Holi Recipe
archanaskitchen:recipe_shakkarkandi-ke-laddu-sweet-potato-laddu-recipe	course	side	dessert	Shakkarkandi ke Laddu | Sweet Potato Laddu Recipe
archanaskitchen:recipe_fruit-chia-rice-paper-rolls-in-a-mango-tahini-dipping-sauce-recipe	course	baking	snack	Fruit-Chia Rice paper rolls in a Mango Tahini Dipping sauce Recipe
archanaskitchen:recipe_easy-vegan-date-roll-recipe	course	main	baking	Easy Vegan Date Roll Recipe
archanaskitchen:recipe_udupi-style-sambar-recipe-masala-huli-with-mixed-vegetables	course	side	main	Udupi Style Sambar Recipe - Masala Huli With Mixed Vegetables
bbcgoodfood:miso-caramel-brown-butter-pretzel-cheesecake	cuisine	american	japanese	Miso caramel brown butter pretzel cheesecake
bbcgoodfood:breakfast-banana-bread	course	baking	breakfast	Breakfast banana bread
bbcgoodfood:confit-garlic	cuisine		french	Confit garlic
bbcgoodfood:sarmale-romanian-cabbage-rolls	course	baking	main	Sarmale (Romanian cabbage rolls)
bbcgoodfood:pork-harissa-meatballs	cuisine	italian	north_african	Pork & harissa meatballs
bbcgoodfood:hwachae-korean-watermelon-punch	cuisine		korean	Hwachae (Korean watermelon punch)
bbcgoodfood:next-level-mushroom-risotto	course	side	main	Next level mushroom risotto
bbcgoodfood:charred-cabbage-skewers-with-harissa-butter	cuisine		north_african	Charred cabbage skewers with harissa butter
bbcgoodfood:spicy-harissa-bean-stew	cuisine		north_african	Spicy harissa bean stew
bbcgoodfood:matcha-miso-pancakes	cuisine	british_irish	japanese	Matcha miso pancakes
bbcgoodfood:breakfast-hash	course	main	breakfast	Breakfast hash
bbcgoodfood:broccoli-quiche	cuisine		french	Broccoli quiche
bbcgoodfood:german-apple-cake	cuisine		german_central_eu	German apple cake
bbcgoodfood:chorizo-halloumi-breakfast-baguette	course	baking	breakfast	Chorizo & halloumi breakfast baguette
bbcgoodfood:mushroom-tacos	cuisine		mexican	Mushroom tacos
bbcgoodfood:pepperoni-pizza-rolls	course	baking	main	Pepperoni pizza rolls
bbcgoodfood:tomato-oregano-orzo-with-beef-koftas	cuisine		turkish	Tomato & oregano orzo with beef koftas
bbcgoodfood:cabbage-rolls	course	baking	main	Cabbage rolls
bbcgoodfood:bacon-maple-cornbread	cuisine		southern_us	Bacon & maple cornbread
bbcgoodfood:chicken-fennel-au-gratin-for-dogs	cuisine	italian	french	Chicken & fennel au gratin for dogs
bbcgoodfood:vegan-aubergine-no-parmigiana	cuisine		italian	Vegan aubergine no-parmigiana
bbcgoodfood:bacon-dried-shrimp-spring-onion-chee-cheong-fun-rolls	course	baking	main	Bacon, dried shrimp & spring onion chee cheong fun rolls
bbcgoodfood:sausage-winter-greens-cannelloni	course	side	main	Sausage & winter greens cannelloni
bbcgoodfood:peach-panna-cotta-trifle	cuisine		british_irish	Peach panna cotta trifle
bbcgoodfood:oaty-katsu-chicken-dippers	cuisine	indonesian_malaysian	japanese	Oaty katsu chicken dippers
bbcgoodfood:roasted-spiced-carrots-labneh	cuisine		middle_eastern	Roasted spiced carrots & labneh
bbcgoodfood:courgette-cheddar-cornbread	cuisine		southern_us	Courgette & cheddar cornbread
bbcgoodfood:courgette-broad-bean-risotto-basil-pesto	course	side	main	Courgette & broad bean risotto with basil pesto
bbcgoodfood:baked-courgette-tomato-gratin	cuisine	italian	french	Baked courgette & tomato gratin
bbcgoodfood:caprese-salad-quinoa	cuisine		italian	Caprese salad with quinoa
bbcgoodfood:rainbow-rice-paper-rolls	course	baking	snack	Rainbow rice paper rolls
bbcgoodfood:smoky-chorizo-manchego-quiche	cuisine	spanish	french	Smoky chorizo & manchego quiche
bbcgoodfood:next-level-sausage-rolls	course	baking	main	Next level sausage rolls
bbcgoodfood:prawn-pancetta-watercress-risotto	course	side	main	Prawn, pancetta & watercress risotto
bbcgoodfood:cheesy-green-veg-gratin	cuisine		french	Cheesy green veg gratin
bbcgoodfood:tiramisu-truffles	cuisine		italian	Tiramisu truffles
bbcgoodfood:cheesy-sprout-gratin	cuisine		french	Cheesy sprout gratin
bbcgoodfood:sticky-fig-port-chutney	cuisine		indian	Sticky fig & port chutney
bbcgoodfood:mini-quiches	cuisine		french	Mini quiches
bbcgoodfood:tropical-tiramisu	cuisine		italian	Tropical tiramisu
bbcgoodfood:katsu-curry-sauce	cuisine	indonesian_malaysian	japanese	Katsu curry sauce
bbcgoodfood:harissa-lamb-sausage-rolls	course	baking	main	Harissa & lamb sausage rolls
bbcgoodfood:four-cheese-cauliflower-gratin	cuisine		french	Four-cheese cauliflower gratin
bbcgoodfood:blueberry-lemon-croissant-bake	cuisine	british_irish	french	Blueberry & lemon croissant bake
bbcgoodfood:onion-bhaji-yorkshire-puddings	cuisine	indian	british_irish	Onion bhaji Yorkshire puddings
bbcgoodfood:fajita-seasoning	cuisine		mexican	Fajita seasoning
bbcgoodfood:teriyaki-sauce	cuisine		japanese	Teriyaki sauce
bbcgoodfood:christmas-ham-quesadilla-sweet-pickled-onions	cuisine		mexican	Christmas ham quesadilla with sweet pickled onions
bbcgoodfood:super-sausage-rolls	course	baking	main	Easy sausage rolls
bbcgoodfood:mini-jackfruit-tacos-charred-sweetcorn-gochujang-mayo	cuisine	mexican	korean	Mini jackfruit tacos with charred sweetcorn & gochujang mayo
bbcgoodfood:honey-glazed-spiced-roast-goose-confit-potatoes	cuisine		french	Honey-glazed spiced roast goose & confit potatoes
bbcgoodfood:miso-mushroom-brisket-pie	cuisine	french	japanese	Miso, mushroom & brisket pie
bbcgoodfood:garlic-croissant-knots	cuisine		french	Garlic croissant knots
bbcgoodfood:gnocchi-herb-sauce	cuisine		italian	Gnocchi with herb sauce
bbcgoodfood:cheese-marmite-sausage-rolls	course	baking	main	Cheese & Marmite sausage rolls
bbcgoodfood:sweet-sushi	cuisine	british_irish	japanese	Sweet sushi
bbcgoodfood:teriyaki-tempeh-peanut-dip	cuisine	indonesian_malaysian	japanese	Teriyaki tempeh with peanut dip
bbcgoodfood:chorizo-manchego-scones	cuisine	spanish	british_irish	Chorizo & manchego scones
bbcgoodfood:toddler-recipe-microwave-courgette-and-pea-risotto-prawns	cuisine	spanish	italian	Toddler recipe: Microwave courgette and pea risotto with prawns
bbcgoodfood:herb-garlic-pork-summer-ratatouille	cuisine		french	Herb & garlic pork with summer ratatouille
bbcgoodfood:ratatouille-parmesan-bake	cuisine		french	Ratatouille & parmesan bake
bbcgoodfood:vegan-breakfast-muffins	course	baking	breakfast	Vegan breakfast muffins
bbcgoodfood:purple-sprouting-broccoli-kale-gratin	cuisine	italian	french	Purple sprouting broccoli & kale gratin
bbcgoodfood:simple-crab-bruschetta	cuisine		italian	Simple crab bruschetta
bbcgoodfood:punchy-spring-greens	course	side	main	Punchy spring greens
bbcgoodfood:vietnamese-prawn-spiralized-rolls	course	baking	main	Vietnamese prawn spiralized rolls
bbcgoodfood:masala-omelette-muffins	cuisine	north_african	indian	Masala omelette muffins
bbcgoodfood:churros-ice-cream-sandwich	cuisine	british_irish	spanish	Churros ice cream sandwich
bbcgoodfood:vegan-shepherds-pie	cuisine	north_african	british_irish	Vegan shepherd's pie
bbcgoodfood:plum-preserved-lemon-chutney	cuisine	north_african	indian	Plum & preserved lemon chutney
bbcgoodfood:aubergine-potato-goats-cheese-gratin	cuisine	greek	french	Aubergine, potato & goat's cheese gratin
bbcgoodfood:spanish-sausage-rolls	course	baking	main	Spanish sausage rolls
bbcgoodfood:roasted-tomato-pancetta-picnic-quiches	cuisine	italian	french	Picnic quiches
bbcgoodfood:go-jetters-star-medal-biscuits	cuisine	british_irish	indian	Go Jetters star medal biscuits
bbcgoodfood:three-cheese-risotto	course	side	main	Three-cheese risotto
bbcgoodfood:roti-jala-malaysian-net-pancakes	cuisine		caribbean	Roti jala (Malaysian net pancakes)
bbcgoodfood:simnel-spiced-breakfast-loaf	course	baking	breakfast	Simnel spiced breakfast loaf
bbcgoodfood:onion-orange-coriander-confit	cuisine		french	Onion, orange & coriander confit
bbcgoodfood:clementine-honey-couscous	cuisine	turkish	north_african	Clementine & honey couscous
bbcgoodfood:bacon-sundried-tomato-feta-rolls	course	baking	main	Bacon, sundried tomato & feta rolls
bbcgoodfood:cranberry-chestnut-falafel	cuisine	indian	middle_eastern	Cranberry & chestnut falafel
bbcgoodfood:fudgy-fig-roll	course	dessert	baking	Fudgy fig roll
bbcgoodfood:breakfast-muffins	course	baking	breakfast	Breakfast muffins
bbcgoodfood:chorizo-apple-sausage-rolls	course	baking	main	Chorizo & apple sausage rolls
bbcgoodfood:vietnamese-prawn-summer-rolls	course	baking	snack	Vietnamese prawn summer rolls
bbcgoodfood:spiced-lamb-koftas-mint-tomato-salad	cuisine		turkish	Spiced lamb koftas with mint & tomato salad
bbcgoodfood:healthy-breakfast-muffins	course	baking	breakfast	Healthy breakfast muffins
bbcgoodfood:german-gingerbread-lebkuchen	cuisine	british_irish	german_central_eu	German gingerbread "Lebkuchen"
bbcgoodfood:cheesy-sausage-rolls	course	baking	main	Cheesy sausage rolls
bbcgoodfood:salmon-cucumber-sushi-rolls	course	baking	main	Salmon & cucumber sushi rolls
bbcgoodfood:chicken-carrot-avocado-rolls	course	baking	main	Chicken, carrot & avocado rolls
bbcgoodfood:crispy-pork-vegetable-rolls	course	baking	main	Crispy pork & vegetable rolls
bbcgoodfood:spiced-lamb-skewers-pomegranate-tzatziki	cuisine	turkish	greek	Spiced lamb skewers with pomegranate tzatziki
bbcgoodfood:smoked-salmon-taramasalata	cuisine		indian	Smoked salmon taramasalata
bbcgoodfood:cajun-spiced-salmon	cuisine		southern_us	Cajun salmon
bbcgoodfood:roast-chicken-pea-risotto	course	side	main	Roast chicken & pea risotto
bbcgoodfood:ultimate-makeover-sausage-rolls	course	baking	main	The ultimate makeover: Sausage rolls
bbcgoodfood:pork-sage-sausage-rolls	course	baking	main	Pork & sage sausage rolls
bbcgoodfood:cabbage-pork-empanadas	cuisine	german_central_eu	latin_american	Cabbage & pork empanadas
bbcgoodfood:mini-sausage-rolls	course	baking	main	Mini sausage rolls
bbcgoodfood:bacon-sausage-prune-rolls	course	baking	main	Bacon, sausage & prune rolls
bbcgoodfood:sesame-chilli-pancakes-tzatziki	cuisine		greek	Sesame & chilli pancakes with tzatziki
bbcgoodfood:summer-sausage-rolls	course	baking	main	Summer sausage rolls
bbcgoodfood:sausage-rolls	course	baking	main	Sausage rolls
bbcgoodfood:red-wine-risotto	course	side	main	Red wine risotto
bbcgoodfood:creamy-veggie-risotto	course	side	main	Creamy veggie risotto
bbcgoodfood:pea-risotto	course	side	main	Pea risotto
bbcgoodfood:halloumi-bacon-rolls	course	baking	main	Halloumi & bacon rolls
bbcgoodfood:run-breakfast-bars	course	dessert	breakfast	On-the-run breakfast bars
bbcgoodfood:sausage-roll-twists-tomato-dip	course	main	baking	Sausage roll twists with tomato dip
bbcgoodfood:carbonara-butter-beans	cuisine		italian	Carbonara butter beans
bbcgoodfood:slow-cooker-doner-kebab	cuisine		turkish	Slow cooker doner kebab
bbcgoodfood:truffle-chicken-potato-gratin	cuisine		french	Truffle chicken & potato gratin
bbcgoodfood:roast-venison-loin-pumpkin-sichuan-salt	cuisine		chinese	Roast venison loin with pumpkin & Sichuan salt
bbcgoodfood:radish-broad-bean-bruschetta	cuisine		italian	Radish & broad bean bruschetta
bbcgoodfood:roast-squash-hummus-winter-salad	cuisine	north_african	middle_eastern	Roast squash & hummus winter salad
bbcgoodfood:breakfast-martini	course	drink	breakfast	Breakfast martini
bbcgoodfood:spring-green-fried-rice-eggs	cuisine		chinese	Spring green fried rice & eggs
bbcgoodfood:lamb-chops-with-thyme-chilli-greek-htipiti	cuisine		greek	Lamb chops with thyme, chilli & Greek htipiti
bbcgoodfood:lamb-kuttu-roti	cuisine	indian	caribbean	Lamb kuttu roti
bbcgoodfood:swiss-chard-gratin	cuisine		french	Swiss chard gratin
bbcgoodfood:red-wine-risotto-duck-garlicky-mushrooms	course	side	main	Red wine risotto with duck & garlicky mushrooms
bbcgoodfood:roast-chicken-risotto-with-chicken-crackling	course	side	main	Roast chicken risotto with chicken crackling
bbcgoodfood:grilled-harissa-sardines-fennel-potato-salad	cuisine	mediterranean	north_african	Grilled harissa sardines with fennel & potato salad
bbcgoodfood:scone-based-pizza	cuisine	southern_us	british_irish	Scone based pizza
bbcgoodfood:cajun-rice-chorizo-meatballs-fried-eggs	cuisine		southern_us	Cajun rice with chorizo meatballs & fried eggs
bbcgoodfood:easy-teriyaki-chicken	cuisine		japanese	Easy teriyaki chicken
bbcgoodfood:chorizo-rosemary-pearl-barley-risotto	cuisine	mediterranean	italian	Chorizo & rosemary pearl barley risotto
bbcgoodfood:chorizo-rosemary-pearl-barley-risotto	course	side	main	Chorizo & rosemary pearl barley risotto
bbcgoodfood:smoky-spiced-jollof-rice-coconut-fried-plantain	cuisine	caribbean	east_west_african	Smoky spiced Jollof rice & coconut-fried plantain
bbcgoodfood:salmon-squash-prawn-laksa	cuisine		indonesian_malaysian	Salmon, squash & prawn laksa
bbcgoodfood:leek-tomato-barley-risotto-pan-cooked-cod	course	side	main	Leek, tomato & barley risotto with pan-cooked cod
bbcgoodfood:peruvian-toasted-sweetcorn-avocado-quinoa-salad	cuisine		latin_american	Peruvian toasted sweetcorn, avocado & quinoa salad
bbcgoodfood:poached-salt-beef-new-season-roots	course	side	main	Poached salt beef & root veg
bbcgoodfood:olive-cherry-tomato-feta-focaccia	cuisine		italian	Olive, cherry tomato & feta focaccia
bbcgoodfood:roasted-squash-salad-creamy-homemade-labneh	cuisine	north_african	middle_eastern	Roasted squash salad with creamy homemade labneh
bbcgoodfood:warm-salad-spring-vegetables-griddled-lamb	course	side	main	Warm salad of spring vegetables with griddled lamb
bbcgoodfood:courgette-double-cheese-quiche	cuisine		french	Courgette & double cheese quiche
bbcgoodfood:winter-greens-bacon-butter	course	side	main	Winter greens with bacon butter
bbcgoodfood:chicken-laksa	cuisine	thai	indonesian_malaysian	Chicken laksa
bbcgoodfood:chicken-gyros	cuisine		greek	Chicken souvlaki
bbcgoodfood:sausage-veg-one-pot	course	side	main	Sausage & veg one-pot
bbcgoodfood:ultimate-risotto-primavera	course	side	main	Ultimate risotto primavera
bbcgoodfood:artichoke-red-onion-rosemary-risotto	course	side	main	Artichoke, red onion & rosemary risotto
bbcgoodfood:venison-cottage-pie	cuisine	german_central_eu	british_irish	Venison cottage pie
bbcgoodfood:blueberry-no-bake-cheesecake	course	dessert	snack	Blueberry no-bake cheesecake
bbcgoodfood:great-british-breakfast-bap	cuisine		british_irish	The Great British breakfast bap
bbcgoodfood:zaatar-croissants	cuisine		french	Za’atar croissants
bbcgoodfood:pesto-goats-cheese-risotto	course	side	main	Pesto & goat's cheese risotto
bbcgoodfood:winter-warmer-hearty-risotto	course	side	main	Winter warmer hearty risotto
bbcgoodfood:indian-koftas-mint-yogurt-flatbreads	cuisine		turkish	Indian koftas with mint yogurt & flatbreads
bbcgoodfood:black-bean-soup-with-chunky-raita	cuisine	mexican	indian	Black bean soup with chunky raita
bbcgoodfood:pea-camole	cuisine		mexican	Pea-camole
bbcgoodfood:beef-green-olive-sumac-koftas	cuisine		turkish	Beef, green olive & sumac koftas
bbcgoodfood:prawn-coconut-laksa	cuisine		indonesian_malaysian	Prawn & coconut laksa
bbcgoodfood:ultimate-lobster-rolls	course	baking	main	Ultimate lobster rolls
bbcgoodfood:leek-risotto	course	side	main	Leek risotto
bbcgoodfood:risotto-rice-pudding	cuisine		italian	Risotto rice pudding
bbcgoodfood:hidden-veg-ragu	course	side	main	Hidden veg ragu
bbcgoodfood:persian-pudding-whipped-rose-honey-butter	cuisine	turkish	persian	Persian pudding with whipped rose & honey butter
bbcgoodfood:spinach-and-feta-quiche	cuisine	greek	french	Spinach and feta quiche
bbcgoodfood:thai-tea	cuisine		thai	Thai tea
bbcgoodfood:the-big-brunch-mushroom-yorkshire-pudding	course	dessert	breakfast	The big brunch mushroom Yorkshire pudding
bbcgoodfood:spinach-feta-quiche	cuisine	greek	french	Spinach & feta quiche
bbcgoodfood:feta-roasted-tomato-shakshuka	cuisine	greek	north_african	Feta & roasted tomato shakshuka
bbcgoodfood:sausage-roasted-veg-puy-lentil-one-pot	course	side	main	Sausage, roasted veg & puy lentil one-pot
bbcgoodfood:golden-squash-sausage-risotto	course	side	main	Sausage & squash risotto
bbcgoodfood:mushroom-chestnut-pearl-barley-risotto	course	side	main	Mushroom & chestnut pearl barley risotto
bbcgoodfood:turkey-pea-guacamole-radish-wrap	cuisine		mexican	Turkey, pea guacamole & radish wrap
bbcgoodfood:full-english-shakshuka	cuisine		north_african	Full English shakshuka
bbcgoodfood:stir-fry-duck-winter-vegetables	course	side	main	Stir-fry of duck & winter vegetables
bbcgoodfood:spinach-jalapeno-grana-padano-brunch-fritters	course	snack	breakfast	Spinach & jalapeño brunch fritters
bbcgoodfood:creamy-salmon-chunky-ratatouille	cuisine		french	Creamy salmon with chunky ratatouille
bbcgoodfood:sweet-potato-topped-cottage-pie	cuisine		british_irish	Sweet potato-topped cottage pie
bbcgoodfood:spiced-koftas-honey-chickpeas	cuisine		turkish	Spiced koftas with honey & chickpeas
bbcgoodfood:harissa-lamb-labneh-chickpeas	cuisine	north_african	middle_eastern	Harissa lamb with labneh & chickpeas
bbcgoodfood:creamy-beetroot-risotto	course	side	main	Creamy beetroot risotto
bbcgoodfood:baileys-tiramisu-martini	cuisine	american	italian	Baileys tiramisu martini
bbcgoodfood:smoky-aubergine-mozzarella-harissa-lasagne	cuisine		italian	Smoky aubergine, mozzarella & harissa lasagne
bbcgoodfood:arctic-roll	course	dessert	baking	Arctic roll
bbcgoodfood:leftover-turkey-grain-bowls-with-zaatar-rainbow-slaw-harissa-yogurt	cuisine	middle_eastern	north_african	Leftover turkey grain bowls with za’atar, rainbow slaw & harissa yogurt
bbcgoodfood:chorizo-stuffed-cabbage-rolls	course	baking	main	Chorizo-stuffed cabbage rolls
bbcgoodfood:fennel-lemon-risotto	course	side	main	Fennel & lemon risotto
bbcgoodfood:easy-peasy-risotto-chilli-mint-crumbs	course	side	main	Easy peasy risotto with chilli & mint crumbs
bbcgoodfood:thyme-peach-bruschetta-with-ricotta-pistachios	cuisine		italian	Thyme & peach bruschetta with ricotta & pistachios
bbcgoodfood:spring-onion-feta-cornbread-scones-with-chipotle-butter	cuisine		british_irish	Spring onion & feta cornbread scones with chipotle butter
bbcgoodfood:steak-panzanella-salad-roasted-lemons	cuisine	greek	italian	Steak panzanella salad with roasted lemons
bbcgoodfood:greek-tzatziki	cuisine		greek	Tzatziki sauce
bbcgoodfood:prawn-bruschetta-lemony-fennel-salad	cuisine	mediterranean	italian	Prawn bruschetta with lemony fennel salad
bbcgoodfood:satay-noodle-soup	cuisine		indonesian_malaysian	Satay noodle soup
bbcgoodfood:mango-chutney-baked-feta-lentils	cuisine	greek	indian	Mango chutney baked feta with lentils
bbcgoodfood:stuffed-moroccan-pitta	cuisine		north_african	Stuffed Moroccan pitta
bbcgoodfood:vegan-katsu-curry	cuisine	indonesian_malaysian	japanese	Vegan katsu curry
bbcgoodfood:catherine-wheel-cobbler	course	dessert	main	Sausage & parmesan cobbler
bbcgoodfood:swedish-smoked-salmon-spinach-gratin	cuisine		french	Smoked salmon & spinach gratin
bbcgoodfood:harissa-turkey-kofta-carrot-pittas	cuisine	north_african	turkish	Harissa turkey kofta & carrot pittas
bbcgoodfood:summer-squash-risotto	course	side	main	Summer squash risotto
bbcgoodfood:microwave-butternut-squash-risotto	course	side	main	Microwave butternut squash risotto
bbcgoodfood:teriyaki-steak-fennel-slaw	cuisine		japanese	Teriyaki steak with fennel slaw
bbcgoodfood:tahini-miso-noodles-with-crispy-broccoli-sausages	cuisine		japanese	Tahini miso noodles with crispy broccoli & sausages
bbcgoodfood:fragrant-lamb-kofta-curry	cuisine	indian	turkish	Fragrant lamb kofta curry
bbcgoodfood:easy-risotto-bacon-peas	course	side	main	Easy risotto with bacon & peas
bbcgoodfood:creamy-courgette-risotto	course	side	main	Creamy courgette risotto
bbcgoodfood:lebanese-style-meatballs-mujadara	cuisine		middle_eastern	Lebanese-style meatballs with mujadara
bbcgoodfood:raspberry-frangipane-croissant-bake	cuisine	british_irish	french	Raspberry frangipane croissant bake
bbcgoodfood:elote-mexican-street-corn-pasta-bake	cuisine	southern_us	mexican	Elote (Mexican street corn) pasta bake
bbcgoodfood:teriyaki-lime-glazed-chicken-wings	cuisine		japanese	Teriyaki & lime-glazed chicken wings
bbcgoodfood:christmas-croissant-bake	cuisine	german_central_eu	french	Croissant smoked salmon bake
bbcgoodfood:brown-rice-tabbouleh-eggs-parsley	cuisine		middle_eastern	Brown rice tabbouleh with eggs & parsley
bbcgoodfood:butternut-squash-sage-risotto	course	side	main	Butternut squash & sage risotto
bbcgoodfood:chicken-bacon-lasagne	cuisine	southern_us	italian	Chicken & bacon lasagne
bbcgoodfood:harissa-lamb-smoked-aubergine-black-olive-dressing	cuisine		north_african	Harissa lamb with smoked aubergine & black olive dressing
bbcgoodfood:pea-broad-bean-rocket-risotto-chicken	course	side	main	Pea, broad bean & rocket risotto with chicken
bbcgoodfood:saffron-risotto	course	side	main	Saffron risotto
bbcgoodfood:pork-parsnip-cobbler	course	dessert	main	Pork & parsnip cobbler
bbcgoodfood:barley-chicken-mushroom-risotto	course	side	main	Barley, chicken & mushroom risotto
bbcgoodfood:croissant-bread-sauce	cuisine		french	Croissant bread sauce
bbcgoodfood:courgette-ricotta-fritters-with-poached-eggs-harissa-yogurt	cuisine		north_african	Courgette & ricotta fritters with poached eggs & harissa yogurt
bbcgoodfood:irish-cream-tiramisu	cuisine	british_irish	italian	Baileys tiramisu
bbcgoodfood:beetroot-risotto-with-feta	cuisine	greek	italian	Beetroot risotto with feta
bbcgoodfood:beetroot-risotto-with-feta	course	side	main	Beetroot risotto with feta
bbcgoodfood:black-russian-cocktail	cuisine		german_central_eu	Black russian cocktail
bbcgoodfood:spinach-dhal-harissa-yogurt	cuisine		north_african	Spinach dhal with harissa yogurt
bbcgoodfood:nigerian-red-chicken-plantain-pie	cuisine	caribbean	east_west_african	Nigerian red chicken & plantain pie
bbcgoodfood:caesar-brussels-slaw-parmesan-chicken-schnitzel-burgers	cuisine	american	german_central_eu	Caesar brussels slaw & parmesan chicken schnitzel burgers
bbcgoodfood:roasted-vegetable-cheese-cheats-tomato-risotto	cuisine		italian	Roasted vegetable cheese & cheat's tomato risotto
bbcgoodfood:roasted-vegetable-cheese-cheats-tomato-risotto	course	side	main	Roasted vegetable cheese & cheat's tomato risotto
bbcgoodfood:courgette-couscous-salad-tahini-dressing	cuisine		north_african	Courgette & couscous salad with tahini dressing
bbcgoodfood:green-spinach-lemon-risotto-crispy-prosciutto	course	side	main	Green spinach & lemon risotto with crispy prosciutto
bbcgoodfood:confit-duck-pastilla	cuisine	turkish	french	Confit duck pastilla
bbcgoodfood:gochujang-glazed-celeriac-black-beans-green-salsa	cuisine	mexican	korean	Gochujang-glazed celeriac with black beans & green salsa
bbcgoodfood:miso-glazed-roast-ham	cuisine		japanese	Miso-glazed roast ham
bbcgoodfood:creamy-pea-chive-risotto	course	side	main	Creamy pea & chive risotto
bbcgoodfood:croissant-mincemeat-sandwich	cuisine	british_irish	french	Croissant mincemeat sandwich
bbcgoodfood:roti	cuisine		caribbean	Roti
bbcgoodfood:oven-baked-risotto	course	side	main	Oven-baked risotto
bbcgoodfood:singapore-noodles	cuisine	indonesian_malaysian	chinese	Easy Singapore noodles (chow mein)
bbcgoodfood:crispy-pork-massaman-ramen	cuisine		thai	Crispy pork massaman ramen
bbcgoodfood:venison-chilli-cottage-pie	cuisine		british_irish	Venison chilli cottage pie
bbcgoodfood:feta-peach-couscous	cuisine		north_african	Feta & peach couscous
bbcgoodfood:strawberry-elderflower-tiramisu	cuisine	british_irish	italian	Strawberry & elderflower tiramisu
bbcgoodfood:leek-bacon-risotto	course	side	main	Leek & bacon risotto
bbcgoodfood:kelp-smoked-salmon-sushi-style-rolls	course	baking	main	Kelp and smoked salmon sushi rolls
bbcgoodfood:onepot-chicken-mushroom-risotto	course	side	main	One-pot chicken & mushroom risotto
bbcgoodfood:microwave-crab-risotto-chilli-crab-toasts	course	side	main	Microwave crab risotto with chilli crab toasts
bbcgoodfood:prawn-fennel-rocket-risotto	course	side	main	Prawn, fennel & rocket risotto
bbcgoodfood:tropical-breakfast-smoothie	course	drink	breakfast	Tropical breakfast smoothie
bbcgoodfood:rainbow-fried-rice-with-prawns-fried-eggs	cuisine		chinese	Rainbow fried rice with prawns & fried eggs
bbcgoodfood:salmon-asparagus-one-pot-gratin	cuisine	italian	french	Salmon & asparagus one-pot gratin
bbcgoodfood:spicy-peanut-butter-corn-ramen	cuisine	thai	japanese	Spicy peanut butter & corn ramen
bbcgoodfood:bacon-mushroom-risotto	course	side	main	Bacon & mushroom risotto
bbcgoodfood:chipotle-gazpacho	cuisine	mexican	spanish	Chipotle gazpacho
bbcgoodfood:easiest-ever-seafood-risotto	course	side	main	Seafood risotto
bbcgoodfood:chicken-chorizo-risotto	cuisine	spanish	italian	Chicken and chorizo risotto
bbcgoodfood:chicken-chorizo-risotto	course	side	main	Chicken and chorizo risotto
bbcgoodfood:marrakech-lamb-tahini-squash-gratin	cuisine	north_african	french	Marrakech lamb with tahini squash gratin
bbcgoodfood:vanilla-cinnamon-breakfast-rice	course	side	breakfast	Vanilla & cinnamon breakfast rice
bbcgoodfood:vegetarian-ramen	cuisine		japanese	Vegetarian ramen
bbcgoodfood:ham-cheese-croissants	cuisine		french	Ham & cheese croissants
bbcgoodfood:ratatouille-pasta-salad-rocket	cuisine	italian	french	Ratatouille pasta salad with rocket
bbcgoodfood:quick-tomato-risotto	course	side	main	Quick tomato risotto
bbcgoodfood:one-pot-goulash-pasta	cuisine		german_central_eu	One-pot goulash pasta
bbcgoodfood:microwave-shakshuka	cuisine	greek	north_african	Microwave shakshuka
bbcgoodfood:zingy-teriyaki-beef-skewers	cuisine	indonesian_malaysian	japanese	Zingy teriyaki beef skewers
bbcgoodfood:lemongrass-skewered-barbecue-thai-chicken	cuisine	indonesian_malaysian	thai	Barbecued Thai chicken
bbcgoodfood:potato-turmeric-focaccia	cuisine		italian	Potato & turmeric focaccia
bbcgoodfood:mix-match-seafood-tacos	cuisine	japanese	mexican	Mix & match seafood tacos
bbcgoodfood:roasted-squash-risotto-wensleydale	course	side	main	Roasted squash risotto with wensleydale
bbcgoodfood:breakfast-naans	cuisine		indian	Breakfast naans
bbcgoodfood:risotto-early-summer	course	side	main	Summer risotto
bbcgoodfood:gazpacho-runner-bean-tempura-pickled-coriander-seeds	cuisine	spanish	japanese	Gazpacho with runner bean tempura & pickled coriander seeds
bbcgoodfood:tiramisu-trifle	cuisine	british_irish	italian	Tiramisu trifle
bbcgoodfood:burrata-bruschetta-summer-beans	cuisine		italian	Burrata bruschetta
bbcgoodfood:risotto-peas-broad-beans	course	side	main	Risotto with peas & broad beans
bbcgoodfood:pesto-roasted-cod-and-veg	course	side	main	Pesto roasted cod and veg
bbcgoodfood:baked-spanish-risotto	course	side	main	Baked Spanish risotto
bbcgoodfood:peaches-cream-brioche-tiramisu	cuisine		italian	Peaches & cream brioche tiramisu
bbcgoodfood:naan-bread-pizza	cuisine		indian	Naan bread pizza
bbcgoodfood:persian-pilaf-roasted-root-loaves	cuisine	north_african	persian	Persian pilaf & roasted root loaves
bbcgoodfood:strawberry-labneh	cuisine	turkish	middle_eastern	Strawberry labneh
bbcgoodfood:roasted-sprout-gratin-bacon-cheese-sauce	cuisine		french	Roasted sprout gratin with bacon-cheese sauce
bbcgoodfood:parsnip-potato-st-gall-cheese-gratin	cuisine	british_irish	french	Parsnip, potato & St Gall cheese gratin
bbcgoodfood:lemon-caraway-roulade	course	snack	baking	Lemon swiss roll
bbcgoodfood:gratin-fresh-smoked-salmon-beetroot-potatoes-dill	cuisine	german_central_eu	french	Gratin of fresh & smoked salmon, beetroot, potatoes & dill
bbcgoodfood:sweet-fruited-focaccia	cuisine	british_irish	italian	Sweet fruited focaccia
bbcgoodfood:chipotle-lime-prawn-burrito-bowls	cuisine		mexican	Chipotle & lime prawn burrito bowls
bbcgoodfood:chicken-chorizo-lasagne	cuisine	southern_us	italian	Chicken and chorizo lasagne
bbcgoodfood:lemon-ginger-cheesecake	course	dessert	snack	Lemon and ginger cheesecake
bbcgoodfood:aubergine-tomato-feta-baklava	cuisine	greek	turkish	Aubergine, tomato & feta baklava
bbcgoodfood:harissa-trout-beetroot-grapefruit-salad-whipped-feta	cuisine		north_african	Harissa trout, beetroot & grapefruit salad with whipped feta
bbcgoodfood:fish-gratin-with-vegetables-prawns-gratineradur-fiskur-med-graenmeti-og-raekjum	cuisine	southern_us	french	Fish gratin with vegetables & prawns (Gratíneraður fiskur með grænmeti og rækjum)
bbcgoodfood:slow-cooker-shepherds-pie	cuisine		british_irish	Slow cooker shepherd's pie
bbcgoodfood:rib-eye-with-cacio-e-pepe-butter	cuisine		italian	Rib-eye with cacio e pepe butter
bbcgoodfood:maple-glazed-garlic-parsley-turkey-roulade	course	dessert	main	Maple-glazed garlic & parsley turkey roulade
bbcgoodfood:coconut-fried-rice	cuisine	caribbean	chinese	Coconut fried rice
bbcgoodfood:cajun-prawn-charred-corn-salad	cuisine	mexican	southern_us	Cajun prawn & charred corn salad
bbcgoodfood:almond-croissants	cuisine	british_irish	french	Almond croissants
bbcgoodfood:bbq-tandoori-chicken-shawarma	cuisine	indian	middle_eastern	Chicken shawarma
bbcgoodfood:mushroom-buckwheat-risotto	cuisine	german_central_eu	italian	Mushroom buckwheat risotto
bbcgoodfood:mushroom-buckwheat-risotto	course	side	main	Mushroom buckwheat risotto
bbcgoodfood:garlicky-pumpkin-risotto	course	side	main	Garlicky pumpkin risotto
bbcgoodfood:jamaican-ginger-sponge-pudding	cuisine	british_irish	caribbean	Jamaican ginger sponge pudding
bbcgoodfood:fully-loaded-cajun-chicken-burgers	cuisine		southern_us	Cajun chicken burgers
bbcgoodfood:cajun-lamb-steaks	cuisine	north_african	southern_us	Cajun lamb steaks
bbcgoodfood:pork-squash-goulash-cobbler	cuisine		german_central_eu	Pork & squash goulash cobbler
bbcgoodfood:pork-squash-goulash-cobbler	course	dessert	main	Pork & squash goulash cobbler
bbcgoodfood:brioche-breakfast-bake-crispy-bacon	course	main	breakfast	Brioche breakfast bake with crispy bacon
bbcgoodfood:fruit-rice-paper-rolls-with-coulis-dip	course	baking	snack	Fruit rice paper rolls with coulis dip
bbcgoodfood:kefir-breakfast-smoothie	course	drink	breakfast	Kefir breakfast smoothie
bbcgoodfood:easy-baked-tomato-risotto	course	side	main	Easy baked tomato risotto
bbcgoodfood:slow-roast-pork-rolls-apple-chilli-chutney	course	baking	main	Slow-roast pork rolls with apple chilli chutney
bbcgoodfood:vegan-mushroom-risotto	course	side	main	Vegan mushroom risotto
bbcgoodfood:tempura-squid	cuisine	vietnamese	japanese	Tempura squid
bbcgoodfood:pesto-salmon-bean-gratins	cuisine	italian	french	Pesto salmon & bean gratins
bbcgoodfood:spelt-wild-mushroom-risotto	course	side	main	Spelt & wild mushroom risotto
bbcgoodfood:satay-chicken-noodle-soup-squash	cuisine	thai	indonesian_malaysian	Satay chicken noodle soup with squash
bbcgoodfood:vegan-jambalaya	cuisine		southern_us	Vegan jambalaya
bbcgoodfood:chilli-paneer	cuisine		indian	Paneer chilli con carne
bbcgoodfood:spinach-pancakes-with-harissa-yogurt-poached-eggs	cuisine	turkish	north_african	Spinach pancakes with harissa yogurt & poached eggs
bbcgoodfood:lighter-aubergine-parmigiana	cuisine	greek	italian	Lighter aubergine Parmigiana
bbcgoodfood:teriyaki-tofu-vegan-barbecue	cuisine	korean	japanese	Vegan BBQ teriyaki tofu
bbcgoodfood:smoky-chorizo-sausage-rolls	course	baking	main	Smoky chorizo sausage rolls
bbcgoodfood:chicken-kiev-quesadilla	cuisine		mexican	Chicken kyiv quesadilla
bbcgoodfood:lemony-prawn-pea-risotto	course	side	main	Lemony prawn & pea risotto
bbcgoodfood:big-breakfast-courgette-potato-rosti	course	main	breakfast	Big breakfast courgette & potato rösti
bbcgoodfood:cajun-blackened-chicken-supergreen-quinoa	cuisine	north_african	southern_us	Cajun blackened chicken with supergreen quinoa
bbcgoodfood:tiramisu-cheesecake	cuisine	american	italian	Tiramisu cheesecake
bbcgoodfood:easy-ratatouille	cuisine		french	Easy ratatouille
bbcgoodfood:lamb-spinach-spanakopita	cuisine	turkish	greek	Lamb & spinach spanakopita
bbcgoodfood:indonesian-fried-rice-mackerel	cuisine		chinese	Indonesian fried rice with mackerel
bbcgoodfood:breakfast-peppers-chickpeas-with-tofu	course	main	breakfast	Breakfast peppers & chickpeas with tofu
bbcgoodfood:smoky-steak-cajun-potatoes-spicy-slaw	cuisine		southern_us	Smoky steak with Cajun potatoes & spicy slaw
bbcgoodfood:jollof-rice-chicken	cuisine		east_west_african	Jollof rice
bbcgoodfood:two-minute-breakfast-smoothie	course	drink	breakfast	Two-minute breakfast smoothie
bbcgoodfood:vegan-carbonara	cuisine		italian	Vegan carbonara
bbcgoodfood:pea-tarragon-risotto	course	side	main	Pea & tarragon risotto
bbcgoodfood:chestnut-butternut-risotto	course	side	main	Chestnut & butternut risotto
bbcgoodfood:aubergine-spicy-apricot-tabbouleh	cuisine	north_african	middle_eastern	Aubergine with spicy apricot tabbouleh
bbcgoodfood:prawn-pineapple-cashew-fried-rice	cuisine	indonesian_malaysian	chinese	Prawn, pineapple & cashew fried rice
bbcgoodfood:watercress-risotto-with-goats-cheese	course	side	main	Watercress risotto with goat's cheese
bbcgoodfood:baked-ratatouille-goats-cheese	cuisine		french	Baked ratatouille & goat’s cheese
bbcgoodfood:cheese-chorizo-tomato-scone-loaf	cuisine		british_irish	Cheese, chorizo & tomato scone loaf
bbcgoodfood:chicken-chorizo-jambalaya	cuisine		southern_us	Chicken & chorizo jambalaya
bbcgoodfood:microwave-risotto-primavera	course	side	main	Microwave risotto primavera
bbcgoodfood:irish-malted-bread	cuisine		british_irish	Irish malted bread
bbcgoodfood:squash-lentil-bean-one-pot-fig-raita	cuisine	north_african	indian	Squash, lentil & bean one-pot with fig raita
bbcgoodfood:sesame-spring-onion-stir-fried-udon-with-crispy-tofu	cuisine	chinese	japanese	Sesame & spring onion stir-fried udon with crispy tofu
bbcgoodfood:bacon-banana-stuffed-french-toast-croissants	cuisine	american	french	Bacon & banana stuffed French toast croissants
bbcgoodfood:vegan-moussaka	cuisine	italian	greek	Vegan moussaka
bbcgoodfood:blackberry-banana-breakfast-muffins	course	baking	breakfast	Blackberry & banana breakfast muffins
bbcgoodfood:thane-princes-gluten-free-beef-cobbler	course	dessert	main	Thane Prince's gluten-free beef cobbler
bbcgoodfood:slow-cooker-ratatouille	cuisine		french	Slow cooker ratatouille
bbcgoodfood:beer-tiramisu	cuisine	british_irish	italian	Beer tiramisu
bbcgoodfood:chicken-burrito-bowl	cuisine		mexican	Chicken burrito bowl
bbcgoodfood:ultimate-cheese-quiche	cuisine		french	Ultimate cheese quiche
bbcgoodfood:singapore-noodles-shrimps-chinese-cabbage	cuisine		chinese	Singapore noodles with shrimps & Chinese cabbage
bbcgoodfood:harissa-aubergine-wedges-with-tahini-mint-yogurt	cuisine	middle_eastern	north_african	Harissa aubergine wedges with tahini & mint yogurt
bbcgoodfood:hummus-pistachio-lamb-meatballs	cuisine	turkish	middle_eastern	Hummus with pistachio lamb meatballs
bbcgoodfood:asparagus-risotto	course	side	main	Asparagus risotto
bbcgoodfood:maple-bourbon-glazed-poussins-cornbread-stuffing	cuisine		southern_us	Maple & bourbon glazed poussins with cornbread stuffing
bbcgoodfood:miso-lentil-cabbage-soup	cuisine		japanese	Miso lentil & cabbage soup
bbcgoodfood:chunky-cucumber-raita	cuisine		indian	Cucumber raita
bbcgoodfood:mediterranean-vegetables-lamb	course	side	main	Mediterranean vegetables with lamb
bbcgoodfood:asparagus-feta-dill-quiche	cuisine	greek	french	Asparagus, feta & dill quiche
bbcgoodfood:sushi-rice-bowl-beef-egg-chilli-sauce	cuisine	korean	japanese	Sushi rice bowl with beef, egg & chilli sauce
bbcgoodfood:barley-broad-bean-risotto	course	side	main	Barley & broad bean risotto
bbcgoodfood:ghanaian-gravy	cuisine		east_west_african	Ghanaian gravy
bbcgoodfood:homemade-bbq-lamb-doner-kebab	cuisine		turkish	Homemade BBQ lamb doner kebab
bbcgoodfood:trout-radish-ceviche	cuisine		latin_american	Trout & radish ceviche
bbcgoodfood:miso-apple-pecan-tarte-tatin	cuisine	french	japanese	Miso apple & pecan tarte tatin
bbcgoodfood:halloumi-broccoli-tabbouleh-honey-harissa-dressing	cuisine	north_african	middle_eastern	Halloumi with broccoli tabbouleh & honey-harissa dressing
bbcgoodfood:air-fryer-gyros	cuisine		greek	Air fryer gyros
bbcgoodfood:chicken-schnitzel-brown-butter-capers	cuisine	italian	german_central_eu	Chicken schnitzel with brown butter & capers
bbcgoodfood:rice-paper-wraps	course	baking	snack	Rice paper rolls
bbcgoodfood:haddock-jarlsberg-gratin	cuisine		french	Haddock & Jarlsberg gratin
bbcgoodfood:creamy-tofu-curry-with-homemade-roti	cuisine	indian	caribbean	Creamy tofu curry with homemade roti
bbcgoodfood:sichuan-smacked-cucumber-noodles	cuisine		chinese	Sichuan smacked cucumber noodles
bbcgoodfood:jerk-chicken-mango-bowl	cuisine	indian	caribbean	Jerk chicken & mango bowl
bbcgoodfood:moroccan-style-vegetable-platter	cuisine		north_african	Moroccan-style vegetable platter
bbcgoodfood:potato-crust-quiche	cuisine	german_central_eu	french	Potato crust quiche
bbcgoodfood:creamy-barley-squash-risotto	course	side	main	Creamy barley & squash risotto
bbcgoodfood:fragrant-chilli-crab-fried-rice-with-crispy-leeks	cuisine	thai	chinese	Fragrant chilli crab-fried rice with crispy leeks
bbcgoodfood:root-veg-pancetta-toad-hole-onion-gravy	course	side	main	Root veg & pancetta toad-in-the-hole with onion gravy
bbcgoodfood:chicken-veg-bowl	course	side	main	Chicken & veg bowl
bbcgoodfood:asparagus-pancetta-goats-cheese-quiche	cuisine		french	Asparagus, pancetta & goat's cheese quiche
bbcgoodfood:mushroom-thyme-risotto	course	side	main	Mushroom & thyme risotto
bbcgoodfood:zesty-prawn-green-chilli-ceviche	cuisine		latin_american	Zesty prawn & green chilli 'ceviche'
bbcgoodfood:thai-beef-salad	cuisine		thai	Thai beef salad
bbcgoodfood:gnocchi-fish-pie	cuisine		italian	Gnocchi fish pie
bbcgoodfood:sweet-potato-gnocchi-with-tomato-sauce	cuisine		italian	Sweet potato gnocchi with tomato sauce
bbcgoodfood:beer-braised-beef-cheek-pearl-barley-risotto-malted-onions-ale-sauce	cuisine		italian	Beer-braised beef cheek, pearl barley risotto, malted onions & ale sauce
bbcgoodfood:crab-saffron-risotto	cuisine		italian	Crab & saffron risotto
bbcgoodfood:crab-saffron-risotto	course	side	main	Crab & saffron risotto
bbcgoodfood:herby-lamb-cobbler	course	dessert	main	Herby lamb cobbler
bbcgoodfood:easy-sausage-fennel-risotto	course	side	main	Easy sausage & fennel risotto
bbcgoodfood:slow-cooker-mushroom-risotto	course	side	main	Slow cooker mushroom risotto
bbcgoodfood:one-pan-coriander-crusted-duck-roasted-plums-greens	course	side	main	One-pan coriander-crusted duck, roasted plums & greens
bbcgoodfood:crab-risotto	course	side	main	Crab risotto
bbcgoodfood:smoked-mackerel-risotto	course	side	main	Smoked mackerel risotto
bbcgoodfood:cajun-chicken-traybake-with-sweet-potato-wedges-chive-dip	cuisine		southern_us	Cajun chicken traybake with sweet potato wedges & chive dip
bbcgoodfood:rosemary-chicken-oven-roasted-ratatouille	cuisine	mediterranean	french	Rosemary chicken with oven-roasted ratatouille
bbcgoodfood:beetroot-fennel-gratin-macadamia-hazelnut-dukkah	cuisine	indian	french	Beetroot & fennel gratin with macadamia & hazelnut dukkah
bbcgoodfood:fennel-potato-gratin-2	cuisine	italian	french	Lighter fennel & potato gratin
bbcgoodfood:roast-tomatoes-chicken-schnitzel-cheesy-creamed-corn	cuisine	southern_us	german_central_eu	Roast tomatoes, chicken schnitzel & cheesy creamed corn
bbcgoodfood:fajita-chicken-one-pot	cuisine		mexican	Fajita chicken one-pot
bbcgoodfood:pearl-barley-parsnip-sage-risotto	course	side	main	Pearl barley, parsnip & sage risotto
bbcgoodfood:parsnip-gnocchi	cuisine		italian	Parsnip gnocchi
bbcgoodfood:grana-padano-schnitzel-sandwich	cuisine		german_central_eu	Schnitzel sandwich
bbcgoodfood:leek-sage-risotto-crisp-bacon	course	side	main	Leek & sage risotto with crisp bacon
bbcgoodfood:tahini-croissants	cuisine	turkish	french	Tahini croissants
bbcgoodfood:chestnut-stuffing-roll	course	side	main	Chestnut stuffing roll
bbcgoodfood:turkey-larb-bowls	cuisine		thai	Turkey larb bowls
bbcgoodfood:sheridans-cream-sticky-pudding	cuisine	british_irish	french	Croissant bread & butter pudding with coffee cream
bbcgoodfood:seared-garlic-seafood-spicy-harissa-bisque	cuisine		north_african	Seared garlic seafood with spicy harissa bisque
bbcgoodfood:triple-ginger-cheesecake	course	dessert	snack	Triple ginger cheesecake
bbcgoodfood:sweet-potato-wedges-with-mole-sauce	cuisine	north_african	mexican	Sweet potato wedges with mole sauce
bbcgoodfood:minced-beef-cobbler	course	dessert	main	Minced beef cobbler
bbcgoodfood:west-indian-style-chicken-legs-sauce-chien	cuisine	caribbean	indian	West Indian-style chicken legs with sauce chien
bbcgoodfood:cheesy-chard-gratin	cuisine		french	Cheesy chard gratin
bbcgoodfood:prosciutto-rocket-rolls	course	baking	main	Prosciutto & rocket rolls
bbcgoodfood:pea-vermouth-grain-risotto	course	side	main	Pea & vermouth grain 'risotto'
beyondkimchee:vegetables-in-coconut-milk-sayur-lemak	course	side	main	Vegetables in Coconut Milk (Sayur Lodeh)
beyondkimchee:kimbap	course	baking	main	Kimbap (Korean Seaweed Rice Rolls)
chinasichuanfood:beef-and-mustad-greens-one-pot	course	side	main	Beef and Mustard Greens One Pot
chinasichuanfood:chinese-spring-roll	course	main	snack	Chinese Spring Roll
chinasichuanfood:egg-roll-wrappers	course	side	snack	Egg Roll Wrappers
chinasichuanfood:easy-spring-roll-wrappers	course	side	snack	Easy Spring Roll Wrappers
chinasichuanfood:spring-roll-wrappers-traditional-way	course	main	snack	Chinese Spring Roll Wrappers
chopstickchronicles:california-roll-sushi	course	main	baking	California Roll カリフォルニア巻き
chopstickchronicles:nama-harumaki	course	baking	snack	Japanese rice paper rolls 生春巻き
chopstickchronicles:oshinko-roll	course	main	baking	Oshinko roll お新香巻き
dimitrasdishes:greek-cabbage-rolls-in-tomato-sauce-lahanodolmades	course	baking	main	Greek Cabbage Rolls in Tomato Sauce: Lahanodolmades
dimitrasdishes:artichoke-feta-risotto	course	side	main	ARTICHOKE & FETA RISOTTO
dimitrasdishes:sumac-chicken-rolls-musakhan-chicken-recipe	course	baking	main	SUMAC CHICKEN ROLLS: MUSAKHAN CHICKEN RECIPE
dimitrasdishes:egg-cheese-breakfast-wrap-with-roasted-potatoes	course	main	breakfast	EGG & CHEESE BREAKFAST WRAP WITH ROASTED POTATOES
dimitrasdishes:instant-pot-greek-stuffed-cabbage-rolls-lahanodolmades-avgolemono	course	baking	main	Instant Pot Greek-Stuffed Cabbage Rolls (Lahanodolmades)
dimitrasdishes:perfect-air-fryer-beef-shawarma-briam-vegetables	course	side	main	Perfect Air Fryer Beef Shawarma & Briam Vegetables
dimitrasdishes:deconstructed-cabbage-rolls-unstuffed-lahanodolmades	course	baking	main	Deconstructed Cabbage Rolls (Unstuffed Lahanodolmades)
dimitrasdishes:greek-breakfast-phyllo-pie-with-pasturma	course	main	breakfast	Greek Breakfast Phyllo Pie with Pasturma
dimitrasdishes:honey-harissa-sheet-pan-chicken-veggies-one-pan-meal	course	side	main	Honey Harissa Sheet Pan Chicken & Veggies (One-Pan Meal)
dimitrasdishes:chocolate-strawberry-swiss-cake-roll	course	dessert	baking	Chocolate & Strawberry Swiss Cake Roll
foodwishes:2007/02/brodo-di-manzo-with-tortellini-and	course	side	main	Brodo di Manzo with Tortellini and Greens – Shank you very much!
foodwishes:2007/03/orzo-risotto-with-chicken-sausage-and	cuisine		italian	Orzo “Risotto” with Chicken, Sausage and Peppers
foodwishes:2007/03/orzo-risotto-with-chicken-sausage-and	course	side	main	Orzo “Risotto” with Chicken, Sausage and Peppers
foodwishes:2007/03/stuffed-cabbage-rolls-la-aunt-angela	course	baking	main	Stuffed Cabbage Rolls a la Aunt Angela
foodwishes:2007/04/homemade-wonton-crisps	cuisine	japanese	chinese	Homemade Wonton Crisps
foodwishes:2007/04/pork-confit-part-1-fine-brine-for-swine	cuisine		french	Pork Confit - Part 1: A Fine Brine for Swine
foodwishes:2007/05/spanish-manchego-cheese-and-membrillo	cuisine	spanish	mexican	Spanish Manchego Cheese and Membrillo Quesadillas - Making a Point with Spain's Most Perfect Pair
foodwishes:2007/07/tandoori-chicken-busy-lazy-american	cuisine		indian	Tandoori Chicken – The Busy (Lazy?) American Version
foodwishes:2007/09/simply-roasted-artichokes-wrap-and-roll	course	main	baking	Simply Roasted Artichokes - Wrap and Roll
foodwishes:2008/06/repeat-orzo-risotto-with-chicken	cuisine		italian	REPEAT: Orzo “Risotto” with Chicken, Sausage and Peppers
foodwishes:2008/10/sacred-tamale-another-victim-of	cuisine		mexican	The Sacred Tamale - Another Victim of the American Casserole
foodwishes:2008/12/mascarpone-butternut-squash-ravioli	cuisine	italian	chinese	Mascarpone Butternut Squash Ravioli with Brown Butter and Sage - It's the Best Thing Since Wonton Skins!
foodwishes:2008/12/shepherds-pie-opposite-of-bakers-lamb	cuisine	german_central_eu	british_irish	Shepherd's Pie - the Opposite of Baker's Lamb Chops
foodwishes:2009/01/cassoulet-more-than-just-greatest-baked	cuisine	southern_us	french	Cassoulet - More than Just the Greatest Baked Beans Recipe Ever
foodwishes:2009/03/corned-beef-and-cabbage-more-jewish	cuisine		british_irish	Corned Beef and Cabbage - More Jewish than Irish
foodwishes:2009/03/easy-irish-stew-luscious-lamb-for	cuisine		british_irish	Easy Irish Stew - Luscious Lamb for Lonely Lads Looking for Lovely Lasses
foodwishes:2009/03/one-potato-gnocchi-just-because	cuisine		italian	One Potato Gnocchi - Just Because
foodwishes:2009/03/pineapple-pork-al-pastor-very	cuisine	filipino	middle_eastern	Pineapple Pork Al Pastor - A Very Americanized Version of a Mexican Recipe Invented by the Lebanese
foodwishes:2010/06/how-to-make-arepas-these-venezuelan-hot	cuisine		latin_american	How to Make Arepas – These Venezuelan Hot Pockets are P.A.N.tastic!
foodwishes:2010/08/beans-and-greens-for-fun-and-profit	course	side	main	Beans and Greens for Fun and Profit
foodwishes:2010/08/burrata-bruschetta-with-grilled-figs	cuisine		italian	Burrata Bruschetta with Grilled Figs – Bringing Sexy Back!
foodwishes:2010/09/peach-brulee-burrata-bruschetta-what	cuisine	french	italian	Peach Brulee Burrata Bruschetta – What a Great Way to Waste a Peach!
foodwishes:2010/11/youll-heart-this-artichoke-gratin	cuisine	italian	french	You'll Heart This Artichoke Gratin
foodwishes:2011/01/5-minute-peach-sweet-and-sour-sauce	cuisine		chinese	5-Minute Peach Sweet and Sour Sauce – Pardon My French
foodwishes:2011/04/mystery-noodle-experiment-operation	cuisine		german_central_eu	Mystery Noodle Experiment: Operation Crepenoodlespaetzlecini
foodwishes:2011/06/fathers-day-garlic-steak-with-roasted	cuisine		french	Father's Day Garlic Steak with Garlic Confit - Oh, Daddy!
foodwishes:2011/07/figgy-friday-burrata-bruschetta-with	cuisine		italian	Figgy Friday! Burrata Bruschetta with Grilled Figs
foodwishes:2011/08/grilled-swordfish-bruschetta-with-thai	cuisine		thai	Grilled Swordfish Bruschetta with Thai Basil Cherry Tomato Salad - The End of a Great Recipe
foodwishes:2011/09/fresh-tomato-gazpacho-crumbled-stale	cuisine		spanish	Fresh Tomato Gazpacho – Crumbled Stale Wet Bread Sold Separately
foodwishes:2011/09/good-morning-sausage-pork-fennel-and	course	main	breakfast	Good Morning Sausage!  Pork, Fennel, and Orange Breakfast Sausage Patties
foodwishes:2011/12/quick-and-easy-cassoulet-recipe-pork	cuisine	southern_us	french	A Quick and Easy Cassoulet Recipe – Pork & Beans with Benefits
foodwishes:2012/02/tiramisu-chocolate-mouse-pickem-up-and	cuisine		italian	Tiramisu Chocolate Mousse – Pick’em Up and Lay’em Down
foodwishes:2012/03/broken-spaghetti-risotto-theres-good	course	side	main	Broken Spaghetti “Risotto” – There’s a Good Reason for Those Quotation Marks
foodwishes:2012/03/st-patricks-day-special-irish-shepherds	cuisine		british_irish	St. Patrick’s Day Special: Irish Shepherd’s Pie (the real one, not the stuff they eat in cottages)
foodwishes:2012/06/miso-glazed-skirt-steak-there-is	cuisine		japanese	Miso-Glazed Skirt Steak – There is Nothing More American Than Foreign Ingredients
foodwishes:2012/09/beef-short-ribs-sauerbraten-oh-snap	cuisine		german_central_eu	Beef Short Ribs "Sauerbraten" – Oh, Snap!
foodwishes:2013/02/potato-chorizo-mini-quiches-one-last	cuisine	spanish	french	Potato & Chorizo Mini Quiches – One Last Super Bite for Your Super Bowl
foodwishes:2013/03/baked-mushroom-risotto-why-stir-when	course	side	main	Baked Mushroom Risotto – Why Stir When You Can Stare at an Oven?
foodwishes:2013/10/bolognese-sauce-hip-hip-hazan	cuisine		italian	Bolognese Sauce – Hip Hip Hazan!
foodwishes:2013/10/homemade-cream-cheese-labneh-way	cuisine		middle_eastern	Homemade Cream Cheese – The Labneh Way
foodwishes:2013/11/peruvian-turkey-for-thanksgiving-what	cuisine	filipino	latin_american	Peruvian Turkey for Thanksgiving – What? Are You Chicken?
foodwishes:2013/12/focaccia-di-recco-treating-myself	cuisine		italian	Focaccia di Recco – Treating Myself
foodwishes:2014/02/pancetta-wrapped-leek-gratin-simply	cuisine		french	Pancetta-Wrapped Leek Gratin – Simply Amazing
foodwishes:2014/02/tiramisu-it-will-pick-you-up-and-not	cuisine		italian	Tiramisu – It Will Pick You Up and Not Let You Down
foodwishes:2014/03/irish-pork-stew-with-baby-cabbage-what	cuisine	german_central_eu	british_irish	Irish Pork Stew with Baby Cabbage – What We Should Be Eating on St. Patrick’s Day
foodwishes:2014/04/spicy-coconut-calamari-salad-formerly	cuisine	thai	latin_american	Spicy Coconut & Calamari Salad, Formerly Know As Failed Squid Ceviche
foodwishes:2014/04/the-great-flank-steak-roulade-experiment	course	dessert	main	The Great Flank Steak Roulade Experiment
foodwishes:2014/07/korean-fried-chicken	cuisine		korean	Korean Fried Chicken is the Best Fried Chicken
foodwishes:2015/09/borscht-braised-beef-short-ribs-it-sure	cuisine		german_central_eu	Borscht-Braised Beef Short Ribs – It Sure Beats Beets
foodwishes:2015/10/shakshuka-say-it-with-me-now	cuisine		north_african	Shakshuka – Say It With Me Now
foodwishes:2016/03/cassoulet-worlds-most-complex-simple	cuisine		french	Cassoulet – The World’s Most Complex Simple Recipe
foodwishes:2016/06/thai-style-sweet-chili-sauce-nam-jim	cuisine		thai	Thai-Style Sweet Chili Sauce – Nam Jim for the Win
foodwishes:2016/10/mexican-style-shrimp-cocktail-new-taco	cuisine	latin_american	mexican	Mexican-Style Shrimp Cocktail – The New Taco?
foodwishes:2016/11/pork-osso-buco-keeping-it-real-without	cuisine		italian	Pork Osso Buco – Keeping it Real without Veal
foodwishes:2017/01/broccoli-soup-au-gratin-thin-to-win	cuisine		french	Broccoli Soup au Gratin – Thin to Win!
foodwishes:2017/03/norcal-nicoise-salad-layered-for-your	cuisine		french	"Norcal" Nicoise Salad – Layered for Your Pleasure
foodwishes:2017/07/lebanese-mountain-bread-peak-flatbread	cuisine		middle_eastern	Lebanese Mountain Bread – A Peak Flatbread Experience
foodwishes:2018/01/chocolate-croissants-but-just-barely	cuisine		french	Chocolate Croissants – But Just Barely
foodwishes:2018/09/turkish-stuffed-eggplant-karniyarik	cuisine		turkish	Turkish Stuffed Eggplant (Karniyarik) – Splitting Bellies
foodwishes:2018/11/leftover-turkey-tamale-pie-sorry	cuisine	southern_us	mexican	Leftover Turkey Tamale Pie – Sorry, Pumpkin, There’s a New Thanksgiving Pie in Town
foodwishes:2019/02/garlic-naan-now-100-tandoor-free	cuisine		indian	Garlic Naan – Now, 100% Tandoor-Free
foodwishes:2019/06/golden-state-gazpacho-cold-soup-for	cuisine		spanish	Golden State Gazpacho – Cold Soup for a Long Hot Day
foodwishes:2019/07/bacorn	cuisine	southern_us	korean	Ba’corn Cheese Corn –Korean Bar Food at its Finest
foodwishes:2019/08/american-goulash-just-like-non	cuisine	southern_us	german_central_eu	American Goulash – Just Like the Non-Hungarian Lunch Lady Used to Make
foodwishes:2019/10/bombay-breakfast-potatoes-just-exotic	course	side	breakfast	Bombay Breakfast Potatoes – Just Exotic Enough
foodwishes:2019/10/miso-braised-beef-with-king-trumpet	cuisine		japanese	Miso Braised Beef with King Trumpet Mushrooms – Comforting and Exciting?
giallozafferano:recipes_beetroot-and-robiola-risotto.html	course	side	main	Beetroot and Robiola Risotto
giallozafferano:recipes_cacio-e-pepe-risotto-with-mussels.html	course	side	main	Cacio e pepe risotto with mussels
giallozafferano:recipes_pan-fried-carpaccio-rolls.html	course	baking	main	Pan-fried carpaccio rolls
giallozafferano:recipes_tomato-risotto-with-broccoli-and-mushrooms.html	course	side	main	Tomato Risotto with Broccoli and Mushrooms
giallozafferano:recipes_red-bell-pepper-and-robiola-risotto.html	course	side	main	Red Bell Pepper and Robiola Risotto
giallozafferano:recipes_mackerel-and-bell-pepper-rolls.html	course	baking	main	Mackerel and bell pepper rolls
giallozafferano:recipes_pesto-risotto-with-shrimp.html	course	side	main	Pesto Risotto with Shrimp
giallozafferano:recipes_creamy-pea-risotto-with-taleggio-and-crispy-pancetta.html	course	side	main	Creamy Pea Risotto with Taleggio and Crispy Pancetta
giallozafferano:recipes_canadian-breakfast-sandwich.html	course	main	breakfast	Canadian breakfast sandwich
giallozafferano:recipes_tuna-cheesecake.html	course	dessert	snack	Tuna Cheesecake
giallozafferano:recipes_cuttlefish-and-tomato-risotto.html	course	side	main	Cuttlefish and Tomato Risotto
giallozafferano:recipes_zucchini-and-sausage-risotto.html	course	side	main	Zucchini and Sausage Risotto
giallozafferano:recipes_rabbit-roulade-with-pine-nuts-and-raisins.html	course	dessert	main	Rabbit roulade with pine nuts and raisins
giallozafferano:recipes_zucchini-and-pancetta-risotto.html	course	side	main	Zucchini and pancetta risotto
giallozafferano:recipes_fried-chicken-rolls-with-fruit-and-vegetable-sauces.html	course	baking	main	Fried chicken rolls with fruit and vegetable sauces
giallozafferano:recipes_pea-risotto-with-crescenza-and-crispy-pancetta.html	course	side	main	Pea risotto with crescenza and crispy pancetta
giallozafferano:recipes_gorgonzola-risotto.html	course	side	main	Gorgonzola Risotto
giallozafferano:recipes_scallion-rolls.html	course	baking	main	Scallion Rolls
giallozafferano:recipes_creamy-risotto-with-sicilian-caponata.html	course	side	main	Creamy risotto with Sicilian caponata
giallozafferano:recipes_pumpkin-and-seed-risotto.html	course	side	main	Pumpkin and Seed Risotto
giallozafferano:recipes_roman-style-veal-rolls.html	course	baking	main	Roman-style veal rolls
giallozafferano:recipes_cucumber-rolls.html	course	baking	main	Cucumber rolls
giallozafferano:recipes_lemon-risotto-with-goat-cheese-and-rosemary.html	course	side	main	Lemon risotto with goat cheese and rosemary
giallozafferano:recipes_cabbage-rolls-with-meat.html	course	baking	main	Cabbage Rolls with Meat
giallozafferano:recipes_risotto-with-backyard-ragu.html	course	side	main	Risotto with Backyard Ragù
giallozafferano:recipes_four-cheese-risotto.html	course	side	main	Four Cheese Risotto
giallozafferano:recipes_risotto-with-mushrooms-and-truffle.html	course	side	main	Risotto with Mushrooms and Truffle
giallozafferano:recipes_pea-and-cuttlefish-risotto.html	course	side	main	Pea and Cuttlefish Risotto
giallozafferano:recipes_borage-risotto-with-squid.html	course	side	main	Borage Risotto with Squid
giallozafferano:recipes_mushroom-risotto-with-champignon-and-chiodini.html	course	side	main	Mushroom Risotto with Champignon and Chiodini
giallozafferano:recipes_raspberry-and-coconut-roll.html	course	dessert	baking	Raspberry and Coconut Roll
giallozafferano:recipes_baked-bell-pepper-rolls.html	course	baking	main	Baked Bell Pepper Rolls
giallozafferano:recipes_risotto-milanese-without-bone-marrow.html	course	side	main	Risotto Milanese without Bone Marrow
giallozafferano:recipes_wine-grape-and-goat-cheese-risotto.html	course	side	main	Wine, Grape and Goat Cheese Risotto
giallozafferano:recipes_risotto-with-radicchio-and-speck.html	course	side	main	Risotto with radicchio and speck
giallozafferano:recipes_cocoa-roll-with-whipped-cream-and-nutella.html	course	sauce_condiment	baking	Cocoa Roll with Whipped Cream and Nutella
giallozafferano:recipes_mushroom-and-sausage-risotto.html	course	side	main	Mushroom and Sausage Risotto
giallozafferano:recipes_broccoli-risotto.html	course	side	main	Broccoli Risotto
giallozafferano:recipes_filled-puff-pastry-roll.html	course	baking	main	Filled Puff Pastry Roll
giallozafferano:recipes_barolo-risotto.html	course	side	main	Barolo Risotto
giallozafferano:recipes_savoy-cabbage-rolls.html	course	baking	main	Savoy Cabbage Rolls
giallozafferano:recipes_amarone-risotto.html	course	side	main	Amarone Risotto
giallozafferano:recipes_roulade.html	course	dessert	main	Roulade
giallozafferano:recipes_stuffed-turkey-rolls-with-champignon-mushrooms.html	course	baking	main	Stuffed Turkey Rolls with Champignon Mushrooms
giallozafferano:recipes_parmesan-risotto.html	course	side	main	Parmesan Risotto
giallozafferano:recipes_risotto-with-artichokes.html	course	side	main	Risotto with Artichokes
giallozafferano:recipes_orange-risotto.html	course	side	main	Orange Risotto
giallozafferano:recipes_lovers-risotto.html	course	side	main	Lovers' Risotto
giallozafferano:recipes_broccoli-and-pecorino-risotto.html	course	side	main	Broccoli and Pecorino Risotto
giallozafferano:recipes_risotto-with-sweet-peppers-and-anchovy-crumble.html	course	side	main	Risotto with Sweet Peppers and Anchovy Crumble
giallozafferano:recipes_broccoli-rabe-risotto.html	course	side	main	Broccoli rabe risotto
giallozafferano:recipes_curry-risotto-with-coconut-milk-and-shrimp-tartare.html	course	side	main	Curry risotto with coconut milk and shrimp tartare
giallozafferano:recipes_risotto-with-carrots-and-sausage.html	course	side	main	Risotto with Carrots and Sausage
giallozafferano:recipes_red-pesto-risotto.html	course	side	main	Red Pesto Risotto
giallozafferano:recipes_radicchio-and-sausage-risotto.html	course	side	main	Radicchio and Sausage Risotto
giallozafferano:recipes_risotto-with-shrimp-quick-bisque-and-fried-artichokes.html	course	side	main	Risotto with shrimp, quick bisque, and fried artichokes
giallozafferano:recipes_orange-saffron-risotto.html	course	side	main	Orange Saffron Risotto
giallozafferano:recipes_gluten-free-and-lactose-free-christmas-roll.html	course	dessert	baking	Gluten-Free and Lactose-Free Christmas Roll
giallozafferano:recipes_risotto-with-romanesco-broccoli-pomegranate-and-kefir.html	course	side	main	Risotto with Romanesco broccoli, pomegranate, and kefir
giallozafferano:recipes_leek-and-sausage-risotto.html	course	side	main	Leek and Sausage Risotto
giallozafferano:recipes_baked-sole-rolls.html	course	baking	main	Baked Sole Rolls
giallozafferano:recipes_red-wine-and-sausage-risotto.html	course	side	main	Red wine and sausage risotto
giallozafferano:recipes_chicken-rolls-in-a-pan.html	course	baking	main	Chicken rolls in a pan
giallozafferano:recipes_sole-roulade-with-cauliflower-cream.html	course	dessert	main	Sole roulade with cauliflower cream
giallozafferano:recipes_broccoli-and-anchovies-risotto.html	course	side	main	Broccoli and Anchovies Risotto
giallozafferano:recipes_risotto-with-onion-cream-and-hazelnuts.html	course	side	main	Risotto with Onion Cream and Hazelnuts
giallozafferano:recipes_risotto-with-broccoli-and-quick-bagna-caoda.html	course	side	main	Risotto with broccoli and quick bagna caoda
giallozafferano:recipes_risotto-with-red-lentils-and-shrimp.html	course	side	main	Risotto with red lentils and shrimp
giallozafferano:recipes_risotto-with-stracchino-broccoli-and-anchovies.html	course	side	main	Risotto with Stracchino, Broccoli and Anchovies
giallozafferano:recipes_squid-risotto.html	course	side	main	Squid Risotto
giallozafferano:recipes_risotto-with-turnip-tops-anchovies-and-garlic-sauce.html	course	side	main	Risotto with turnip tops, anchovies, and garlic sauce
giallozafferano:recipes_apple-and-gorgonzola-risotto.html	course	side	main	Apple and Gorgonzola Risotto
giallozafferano:recipes_spinach-and-taleggio-risotto.html	course	side	main	Spinach and Taleggio Risotto
giallozafferano:recipes_risotto-with-pecorino-and-puntarelle.html	course	side	main	Risotto with pecorino and puntarelle
giallozafferano:recipes_blue-crab-risotto.html	course	side	main	Blue Crab Risotto
giallozafferano:recipes_zucchini-rolls.html	course	baking	main	Zucchini Rolls
giallozafferano:recipes_savory-cheesecake-with-pesto-and-cherry-tomatoes.html	course	dessert	snack	Savory cheesecake with pesto and cherry tomatoes
giallozafferano:recipes_eggplant-and-cherry-tomato-risotto.html	course	side	main	Eggplant and Cherry Tomato Risotto
giallozafferano:recipes_risotto-with-pumpkin-flowers.html	course	side	main	Risotto with Pumpkin Flowers
giallozafferano:recipes_risotto-del-re.html	course	side	main	Risotto del Re
giallozafferano:recipes_risotto-verza-e-salsiccia.html	course	side	main	Risotto verza e salsiccia
giallozafferano:recipes_oriental-cabbage-rolls.html	course	baking	main	Oriental Cabbage Rolls
giallozafferano:recipes_risotto-with-pumpkin-cream-and-pecorino.html	course	side	main	Risotto with pumpkin cream and pecorino
giallozafferano:recipes_brie-and-pomegranate-risotto.html	course	side	main	Brie and Pomegranate Risotto
giallozafferano:recipes_risotto-with-potato-cream-and-cuttlefish-ragout.html	course	side	main	Risotto with potato cream and cuttlefish ragout
giallozafferano:recipes_risotto-with-asparagus-cream-and-yolk-crumbs.html	course	side	main	Risotto with Asparagus Cream and Yolk Crumbs
giallozafferano:recipes_risotto-with-pea-cream-and-guanciale.html	course	side	main	Risotto with pea cream and guanciale
giallozafferano:recipes_risotto-with-burrata-capers-and-cherry-tomatoes.html	course	side	main	Risotto with burrata, capers and cherry tomatoes
giallozafferano:recipes_risotto-with-bell-peppers-peanuts-and-cheese.html	course	side	main	Risotto with bell peppers, peanuts, and cheese
giallozafferano:recipes_risotto-with-carrots-and-breadcrumbs.html	course	side	main	Risotto with Carrots and Breadcrumbs
giallozafferano:recipes_naples-pizza-risotto.html	course	side	main	Naples pizza risotto
giallozafferano:recipes_risotto-with-fennel-and-primosale-cheese.html	course	side	main	Risotto with Fennel and Primosale Cheese
giallozafferano:recipes_risotto-with-black-cabbage-and-mussels.html	course	side	main	Risotto with black cabbage and mussels
giallozafferano:recipes_squid-and-herb-risotto.html	course	side	main	Squid and Herb Risotto
giallozafferano:recipes_green-risotto-with-speck-and-watercress.html	course	side	main	Green risotto with speck and watercress
giallozafferano:recipes_ham-and-cheese-sandwich-rolls.html	course	baking	main	Ham and cheese sandwich rolls
giallozafferano:recipes_cabbage-rolls-stuffed.html	course	baking	main	Cabbage Rolls Stuffed
hebbarskitchen:veg-frankie-roll-recipe-cheese-frankie	course	side	baking	veg frankie roll recipe | veg cheese frankie | veg cheese kathi roll
hebbarskitchen:chapati-roll-chapati-pinwheel-sandwich	course	main	baking	chapati roll recipe | chapati pinwheel sandwich | left over chapati recipes
hebbarskitchen:mumbai-food-jini-dosa-recipe	course	main	baking	jini dosa recipe | mumbai food jini dosa | jini roll dosa
hebbarskitchen:kaju-pista-roll-recipe-kaju-roll-recipe	course	dessert	baking	kaju pista roll recipe | kaju roll recipe
hebbarskitchen:dates-ladoo-recipe-khajur-laduu-recipe	course	snack	dessert	dates ladoo recipe | khajur laduu recipe | dates nuts laddu recipe
hebbarskitchen:dahi-ke-sholay-recipe-dahi-bread-roll	course	sauce_condiment	baking	dahi ke sholay recipe | dahi bread roll | bread curd fire roll | dahi ke sholey
hebbarskitchen:ram-ladoo-recipe-ram-laddu-recipe	course	main	dessert	ram ladoo recipe | ram laddu recipe | ram laddu banane ki vidhi
hebbarskitchen:no-bake-swiss-roll-recipe-parle-g	course	side	baking	no bake swiss roll recipe | parle-g biscuit swiss roll | no bake chocolate roll cake
hebbarskitchen:aloo-frankie-recipe-alu-paneer-frankie	course	snack	baking	aloo frankie recipe | alu paneer frankie | aloo cheese kathi roll
hebbarskitchen:bread-kulfi-recipe-bread-milk-ice-cream	course	baking	dessert	bread kulfi recipe | easy bread & milk ice cream | bread ki kulfi
hebbarskitchen:suji-roll-recipe-aloo-paneer-rava-roll	course	snack	baking	suji roll recipe | suji ke roll | aloo paneer rava roll nasta | sooji ke roll
hebbarskitchen:cabbage-roll-recipe-stuffed-cabbage	course	side	baking	cabbage roll recipe | stuffed cabbage rolls | stuffed cabbage spring roll recipe
hebbarskitchen:veg-roll-tikki-recipe-veg-pinwheel-tikki	course	side	baking	veg roll tikki recipe | veg pinwheel tikki | veg tikki roll
hebbarskitchen:rice-laddu-recipe-chawal-ke-laddu	course	side	dessert	Rice Laddu Recipe | Chawal Ke Laddu
hebbarskitchen:dry-fruits-laddu-recipe-dry-fruits-ladoo-recipe-no-sugar-no-jaggery	course	main	dessert	Dry Fruit Laddu Recipe | No Sugar Healthy Dry Fruits Ladoo
hebbarskitchen:anjeer-roll-recipe-healthy-sugarless-fig	course	dessert	baking	Anjeer Roll Recipe | Healthy Sugarless Fig Dessert Roll
hebbarskitchen:oats-laddu-recipe-healthy-oats-ladoo	course	breakfast	dessert	Oats Laddu Recipe | Healthy No Sugar Dry Fruits Oats Ladoo
hebbarskitchen:malai-roll-recipe-roll-mithai-halwai	course	main	baking	Malai Roll Recipe | Roll Mithai - Halwai Style Mithai
hebbarskitchen:sattu-ladoo-recipe-sattu-ke-laddu	course	snack	dessert	Sattu Ladoo Recipe | Sattu Ke Laddu - Healthy Kids Snacks
hebbarskitchen:coconut-ladoo-recipe-nariyal-ladoo	course	main	dessert	Coconut Ladoo | No Sugar Nariyal Ke Laddu
hebbarskitchen:peanut-ladoo-recipe-groundnut-laddu	course	main	dessert	Peanut Ladoo Recipe | Shengdana Ladoo - No Sugar & Ghee
hebbarskitchen:paneer-frankie-recipe-paneer-kathi-roll	course	snack	baking	Paneer Frankie Recipe | Paneer Kathi Roll - Street Style
hebbarskitchen:gond-ke-ladoo-gond-laddu-dinkache-ladoo	course	main	dessert	Gond Ke Laddu Recipe | Gond Ladoo - Dinkache Ladoo
hebbarskitchen:badam-ladoo-recipe-almond-laddu	course	main	dessert	Badam Ladoo Recipe | Badam Laddu | Almond Ladoo
hebbarskitchen:til-ladoo-recipe-til-ka-ladoo-ellu-unde	course	main	dessert	Til Ladoo Recipe | Sesame Peanut Ladoo
hebbarskitchen:pori-urundai-recipe-murmura-laddu	course	main	dessert	Pori Urundai Recipe | Murmura Laddu
justonecookbook:stuffed-cabbage-rolls	course	baking	main	Japanese Stuffed Cabbage Rolls
kimchimari:korean-egg-roll-gyeran-mari	course	side	snack	Korean Egg Roll (Gyeran Mari)
kimchimari:bibimbap-traditional	course	side	main	Bibimbap Recipe – Korean Mixed Rice with Vegetables and Meat
koreanbapsang:deep-fried-pork-rolls-dwegi-gogi-mari	course	baking	main	Deep-Fried Pork Rolls (Dwaegi Gogi Mari Twiguim)
koreanbapsang:tteok-sanjeok-skewered-rice-cake-beef-vegetables	course	side	main	Tteok Sanjeok (Skewered Rice Cake and Vegetables)
koreanbapsang:yukgaejang-spicy-beef-soup-vegetables	course	side	main	Yukgaejang (Spicy Beef Soup with Vegetables)
koreanbapsang:kimchi-ssambap-kimchi-wrapped-rice-rolls	course	baking	main	Kimchi ssambap (rice rolls)
koreanbapsang:gimbapkimbap-korean-dried-seaweed-rolls	course	baking	main	Kimbap (Seaweed rice rolls)
malaysianchinesekitchen:lobak-five-spice-meat-rolls	course	baking	main	Lobak (Five-Spice Meat Rolls)
malaysianchinesekitchen:spicy-chicken-floss-rolls	course	baking	main	Spicy Chicken Floss Rolls
mygreekdish:recipe_risotto-with-tomatoes-and-feta-cheese	course	side	main	Risotto with Tomatoes and Feta cheese
mygreekdish:recipe_stuffed-cabbage-rolls-lahanodomades	course	baking	main	Greek Stuffed Cabbage Rolls recipe in lemon sauce (Lahanodolmades / Lahanodolmathes)
omnivorescookbook:chicken-egg-roll	course	main	snack	Cantonese Chicken Egg Roll (广式鸡肉春卷)
omnivorescookbook:suan-cai-yu	course	side	main	Suan Cai Yu (酸菜鱼, Sichuan Fish with Pickled Mustard Greens)
omnivorescookbook:chinese-cabbage-rolls	course	baking	main	Chinese Cabbage Rolls (白菜卷)
palestineinadish:recipes_musakhan-rolls	course	baking	main	Musakhan Rolls
pardonyourfrench:raspberry-jam-swiss-roll	course	sauce_condiment	baking	Raspberry Jam Swiss Roll
pardonyourfrench:buckwheat-risotto-with-mushrooms-forestiere-sauce	course	side	main	Buckwheat Risotto with Mushroom Forestière Sauce
pardonyourfrench:basque-style-risotto-with-chicken-chorizo-and-peppers-riz-gaxuxa	course	side	main	Basque-Style Risotto with Chicken, Chorizo and Peppers (Riz Gaxuxa)
pickledplum:farro-risotto-sauteed-mushrooms-fennel	course	side	main	Farro Risotto With Sauteed Mushrooms and Fennel
pickledplum:italian-summer-rolls	course	baking	snack	Italian Summer Rolls
pickledplum:pork-rolls-teriyaki-recipe	course	baking	main	Teriyaki Pork Rolls
pickledplum:breakfast-fried-rice	course	side	breakfast	Breakfast Fried Rice
pickledplum:philadelphia-roll	course	side	main	Philadelphia Roll
pinabresciani:vegetable-risotto	course	side	main	Mom’s Mixed Vegetable Risotto with Tomatoes
pinabresciani:pea-risotto	course	side	main	Creamy Pea Risotto with Pea Purée
recipenlg:900912	cuisine	filipino	caribbean	Cuban Pork Roast I
recipenlg:901070	cuisine	filipino	chinese	Sweet And Sour Brisket
recipenlg:909584	cuisine	vietnamese	thai	Fresh Thai Spring Rolls
recipenlg:916674	cuisine	filipino	chinese	Filipino-Style Congee (Lugaw)
recipenlg:917864	course	baking	snack	Shrimp Summer Rolls With Asian Peanut Sauce
recipenlg:921525	course	dessert	breakfast	Rice And Raisin Breakfast Pudding
recipenlg:932252	cuisine	turkish	north_african	Rice Pudding With Lemon Juice And Caramelized Onion (Egyptian Kishk)
recipenlg:945666	course	baking	snack	Lemon Grass And Chicken Summer Rolls
recipenlg:955301	cuisine	persian	middle_eastern	Green Lentils And Rice Assyrian Style
recipenlg:995133	cuisine	persian	indian	Raita Anarkali (Pomegranate Seeds Raita)
recipenlg:995344	cuisine	persian	indian	Persian Rice Cookies (Naan Berenji)
recipenlg:1024252	cuisine	fusion_other	filipino	Halo-Halo - Hawaiian Filipino Dessert
recipenlg:1026480	cuisine	persian	british_irish	British Asian Rice Pudding
recipenlg:1028514	cuisine	turkish	greek	Greek Yoghurt Cake
recipenlg:1046394	course	baking	main	Sweet Gingered Prawn Rolls
recipenlg:1056336	course	baking	snack	Shrimp Summer Rolls With Peanut Dipping Sauce
recipenlg:1060002	cuisine	filipino	east_west_african	Mafe (Senegalese Beef Stew)
recipenlg:1083320	course	main	snack	Lumpia (Filipino Egg Roll)
recipenlg:1085573	cuisine	persian	north_african	Moroccan Saffron Rice
recipenlg:1087034	cuisine	filipino	caribbean	Ww 3 Points - Cuban Chicken Skewers (Mix And Match Recipe)
recipenlg:1104380	course	baking	main	Vietnamese Rolls With Peanut Dipping Sauce
recipenlg:1117008	cuisine	filipino	japanese	Steak Teriyaki Quesadillas
recipenlg:1124062	cuisine	persian	middle_eastern	Syrian Rice Pilaf Mix — Jar Mix
recipenlg:1128776	cuisine	vietnamese	mexican	Shrimp Taco With Mango Slaw
recipenlg:1133386	cuisine	persian	italian	Saffron Risotto With Pistachios
recipenlg:1133386	course	side	main	Saffron Risotto With Pistachios
recipenlg:1145885	cuisine	persian	north_african	Egyptian Rice Pudding
recipenlg:1149434	cuisine	persian	turkish	Turkish Barley And Buttermilk (Or Yogurt) Soup
recipenlg:1155897	cuisine	filipino	caribbean	Cuban Garlic Chicken
recipenlg:1170223	cuisine	persian	japanese	Japanese Sweet Rice Dumplings
recipenlg:1175428	cuisine	filipino	latin_american	Pollo A La Brasa (Peruvian Grilled Chicken)
recipenlg:1178738	cuisine	turkish	north_african	Middle Eastern Coconut Cake (Harissah)
recipenlg:1182753	course	main	snack	Shrimp Spring Roll
recipenlg:1223282	cuisine	turkish	greek	Galaktoboureko (Greek Custard Pie)
recipenlg:1237875	cuisine	caribbean	indian	Grilled Swordfish With Pineapple-Plantain Chutney
recipenlg:1238299	cuisine	vietnamese	thai	Grilled Thai Steak Sandwiches
recipenlg:1248754	cuisine	turkish	greek	Greek Loukoumades Doughnuts
recipenlg:1249035	cuisine	thai	north_african	Moroccan Fish Parcels
recipenlg:1250644	cuisine	fusion_other	japanese	Dessert Sushi With Tropical Fruits And Caramel Sauce
recipenlg:1250652	cuisine	turkish	greek	Greek Yogurt Lemon Cake With Lemon Syrup
recipenlg:1250912	cuisine	vietnamese	indonesian_malaysian	Satay Chicken Rolls
recipenlg:1250912	course	baking	main	Satay Chicken Rolls
recipenlg:1251391	cuisine	spanish	italian	Paella-Style Risotto
recipenlg:1251391	course	side	main	Paella-Style Risotto
recipenlg:1251499	cuisine	thai	italian	Fish Cakes With Shrimp Bruschetta
recipenlg:1251895	cuisine	thai	german_central_eu	Red Beet Goulash Soup With Spicy Asian Gremolata
recipenlg:1252513	cuisine	turkish	greek	Loukoumades (Greek Honey Dumplings)
recipenlg:1252793	course	baking	main	Turkish Lamb Phyllo Rolls
recipenlg:1253183	course	baking	main	Beef And Lemongrass Rolls
recipenlg:1253326	course	baking	snack	Vietnamese Shrimp Rice Paper Rolls
recipenlg:1253328	course	baking	snack	Hoisin Turkey Summer Rolls
recipenlg:1253529	cuisine	middle_eastern	italian	Beet And Watercress Bruschetta With Pomegranate Dressing
recipenlg:1253622	course	baking	snack	Crab Rice Paper Rolls
recipenlg:1253973	course	baking	snack	Beef Summer Rolls
recipenlg:1254149	course	baking	snack	Summer Rolls With Glass Noodles And Shrimp
recipenlg:1254548	course	baking	snack	Shrimp And Green Bean Rice Paper Rolls
recipenlg:1255823	cuisine	thai	chinese	Chicken Wonton Cups
recipenlg:1256498	course	baking	main	Stuffed Cabbage Rolls
recipenlg:1256729	course	baking	main	Mediterreanen Spinach And Beef Pastry Roll
recipenlg:1256791	course	baking	snack	Shrimp Summer Rolls
recipenlg:1257010	cuisine	thai	chinese	Curried Shrimp And Squash Fried Rice
recipenlg:1259404	course	baking	main	Vietnamese Rice-Paper Rolls
recipenlg:1259858	course	baking	snack	Vietnamese Rice Paper Rolls
recipenlg:1260517	cuisine	thai	italian	Risotto Cakes With Curry Sauce
recipenlg:1261611	course	baking	main	Lamb Rolls
recipenlg:1262522	course	baking	main	Chicken Omelette Rolls
recipenlg:1263346	cuisine	thai	indonesian_malaysian	Chicken And Shrimp Laksa
recipenlg:1263470	cuisine	latin_american	caribbean	Cuban Black Bean Soup
recipenlg:1263519	cuisine	turkish	middle_eastern	Lebanese Meatloaf
recipenlg:1263556	cuisine	turkish	greek	Greek Custard Pastries
recipenlg:1264117	course	baking	main	Stuffed Cabbage Rolls With Carrot Mash
recipenlg:1264144	course	baking	snack	Fresh Rice Paper Rolls
recipenlg:1264338	cuisine	spanish	italian	Shrimp And Basil Risotto
recipenlg:1264338	course	side	main	Shrimp And Basil Risotto
recipenlg:1264722	course	baking	snack	Rice Paper Rolls
recipenlg:1265371	course	baking	main	Hoisin Pork Rice-Paper Rolls
recipenlg:1265618	cuisine	turkish	german_central_eu	Spiced Fruit Strudel
recipenlg:1265640	course	baking	main	Egg And Bacon Rolls With Tomato Relish
recipenlg:1265823	cuisine	turkish	german_central_eu	Asian Pear, Walnut And Ginger Strudel
recipenlg:1266365	course	baking	snack	Chicken And Mango Summer Rolls
recipenlg:1266471	cuisine	vietnamese	thai	Thai Chicken And Vermicelli Noodle Salad
recipenlg:1267256	cuisine	middle_eastern	italian	Bruschetta Three Ways
recipenlg:1267273	cuisine	latin_american	southern_us	Cajun-Spiced Fish With Roasted Corn Salsa
recipenlg:1267841	course	baking	snack	Rice Paper Rolls
recipenlg:1267945	course	baking	snack	Herbed Chicken Rice Paper Rolls
recipenlg:1268124	cuisine	turkish	indian	English Sausage Rolls With Tomato-Chili Chutney
recipenlg:1268124	course	baking	main	English Sausage Rolls With Tomato-Chili Chutney
recipenlg:1268373	course	baking	main	Vietnamese Prawn Rolls
recipenlg:1268503	cuisine	turkish	german_central_eu	Spiced Beef Strudel
recipenlg:1268523	course	baking	main	Spiced Lamb Sausage Rolls
recipenlg:1268602	course	baking	snack	Shrimp Summer Rolls
recipenlg:1268701	cuisine	turkish	german_central_eu	Cherry, Pear And Chocolate Strudels
recipenlg:1269001	cuisine		greek	Crostini With English Pea Puree And Greek Yogurt
recipenlg:1269074	course	dessert	baking	Pumpkin Roll
recipenlg:1269239	cuisine	mexican	italian	Richard'S Mexican Lasagna
recipenlg:1269574	course	side	main	Use 'Em Up Greens With Sausage & New Potatoes
recipenlg:1269613	cuisine	turkish	middle_eastern	Chicken Shawarma Pitas With Lemon Yogurt Sauce And Bulgur Pilaf
recipenlg:1269776	cuisine	vietnamese	thai	Thai Beef Salad
recipenlg:1269803	cuisine		indian	Olive Poached Salmon With Indian Spices
recipenlg:1269857	course	baking	snack	Spicy Summer Rolls With Peanut Dipping Sauce
recipenlg:1269953	cuisine	caribbean	french	Pork Confit
recipenlg:1270056	course	side	main	Chicken And Vegetables Oriental
recipenlg:1270270	course	baking	snack	Summer Rolls With Baked Tofu And Sweet-And-Savory Dipping Sauce
recipenlg:1271013	cuisine		french	All-Day Slow-Cooker Cassoulet
recipenlg:1271035	cuisine	filipino	mexican	Grandma Lupe'S Enchiladas
recipenlg:1271128	cuisine		greek	Greek Rosemary Skewer Seafood Kabob
recipenlg:1271199	cuisine		japanese	Miso Stir Fry
recipenlg:1271530	cuisine	middle_eastern	italian	Bruschetta With Spicy Ceci Bean Purée
recipenlg:1271720	cuisine	filipino	caribbean	Cuban Style Black Beans
recipenlg:1272138	cuisine	korean	japanese	Shoyu Ramen
recipenlg:1272266	course	side	main	Sauteed Winter Greens With Crispy Shallots
recipenlg:1272630	cuisine	korean	japanese	Chris Lilly'S Flank Steak And Shiitake Yakitori
recipenlg:1272652	course	baking	main	Stuffed Cabbage Rolls A La Aunt Angela
recipenlg:1272720	course	baking	main	Shrimp Rolls With Spicy Vietnamese Dressing
recipenlg:1272758	cuisine	thai	chinese	Pineapple Fried Rice
recipenlg:1272826	cuisine	indonesian_malaysian	thai	Thai Coconut Chicken Curry
recipenlg:1273366	course	dessert	main	Stuffed Flank Steak Roulade
recipenlg:1273744	cuisine	greek	turkish	Turkish Yogurt And Spinach Dip
recipenlg:1273928	cuisine	filipino	french	Confit Turkey Wings
recipenlg:1274231	course	side	main	Risotto With Corn, Spicy Sausage, And Wilted Arugula
recipenlg:1274490	cuisine		french	Ratatouille
recipenlg:1274508	cuisine	north_african	middle_eastern	Chicken Shawarma
recipenlg:1274683	cuisine		north_african	Fennel-Crusted Ahi Tuna With Lemon Aïoli Over Couscous
recipenlg:1274892	cuisine		italian	Tenderloin Tip And Mushroom Risotto
recipenlg:1274892	course	side	main	Tenderloin Tip And Mushroom Risotto
recipenlg:1275100	cuisine	korean	japanese	Better-Than-Takeout Stir-Fried Udon
recipenlg:1275136	course	side	main	Terrific Tri-Color Turkey Risotto
recipenlg:1275179	cuisine	filipino	chinese	Chicken & Shrimp Chow Mein
recipenlg:1275254	cuisine		north_african	Cauliflower Couscous With Brussels Sprouts
recipenlg:1275438	cuisine	korean	japanese	Miso- And Mayo-Marinated Short Ribs With Spicy Sauce
recipenlg:1275471	cuisine	mediterranean	french	Chef Martins' Big Eye Tuna Nicoise
recipenlg:1275647	cuisine	turkish	indian	Beef Triangles With Chutney Sauce
recipenlg:1275654	cuisine		indian	Pistachio-Crusted Chicken With Carrot Raita
recipenlg:1275917	cuisine	german_central_eu	indian	Lobster "Taramasalata"
recipenlg:1276226	cuisine		north_african	Tunisian Vegetable Salsa
recipenlg:1276388	cuisine	british_irish	italian	Strawberry Tiramisu
recipenlg:1277034	cuisine		middle_eastern	Sautéed Greens With Labneh And Pine Nuts
recipenlg:1277034	course	side	main	Sautéed Greens With Labneh And Pine Nuts
recipenlg:1277063	cuisine	filipino	chinese	Migas Fried Rice
recipenlg:1277244	course	dessert	snack	Veggie Cheesecake
recipenlg:1277445	course	baking	main	Filipino Vegetable Rolls
recipenlg:1277631	course	side	main	Roasted Herbed Chicken And Vegetables
recipenlg:1277765	cuisine	filipino	caribbean	Cuban Grilled Pork (
recipenlg:1277965	cuisine		thai	Thai Beef Salad
recipenlg:1278552	course	dessert	snack	Walnut Gorgonzola Cheesecake
recipenlg:1279068	cuisine		thai	Grilled Thai Chicken Sandwich
recipenlg:1279589	cuisine	mediterranean	middle_eastern	Egg, Kale, And Tomato Breakfast Wraps With Hummus
recipenlg:1279589	course	main	breakfast	Egg, Kale, And Tomato Breakfast Wraps With Hummus
recipenlg:1279985	cuisine	filipino	mexican	Slow Cooker Flank Steak Fajitas
recipenlg:1280244	cuisine	italian	german_central_eu	Herbed Spaetzle In Brown Butter
recipenlg:1280666	cuisine		indian	Beef Samosa
recipenlg:1280941	cuisine	north_african	middle_eastern	Moroccan-Spiced Chicken With Millet Tabbouleh
recipenlg:1281126	course	baking	main	Bite-Sized Oyster Rolls
recipenlg:1281173	cuisine		japanese	Grilled Clambake With Miso-Lime Butter
recipenlg:1281408	cuisine	chinese	north_african	Vegetable Couscous With Asian Vinaigrette
recipenlg:1281609	cuisine	filipino	mexican	Pozole With Smoked Chicken
recipenlg:1281758	cuisine	indonesian_malaysian	chinese	Indo-Chinese Lettuce Wraps
recipenlg:1281830	cuisine		greek	Greek Marinated Rack Of Lamb On The Bbq
recipenlg:1281914	cuisine	middle_eastern	indian	Indian Eggplant And Onion Dip With Pita Chips
recipenlg:1282405	cuisine		french	Garlicky Shrimp And White Bean Gratin
recipenlg:1283616	cuisine		indian	Pork Tenderloin With Plum Chutney
recipenlg:1283830	cuisine	north_african	indian	Tandoori Crock-Pot Chicken With Chickpeas, Pears & Collard Greens
recipenlg:1283952	cuisine		japanese	Ginger-Lime Chicken Teriyaki With Orange Salad
recipenlg:1283965	cuisine		indian	Salad E-Khas (Tandoori "Salad")
recipenlg:1284255	course	dessert	snack	Sweet Baked Apple Strudel Egg Roll
recipenlg:1284524	course	baking	main	Mom'S Cabbage Rolls
recipenlg:1284865	cuisine	italian	french	Tomato, Squash, And Red Pepper Gratin
recipenlg:1284969	cuisine		french	Ratatouille
recipenlg:1285098	course	dessert	snack	Zucchini Ricotta Cheesecake
recipenlg:1285147	cuisine	turkish	north_african	(Pastry With Ground Meat)Egyptian Meat Puff
recipenlg:1285508	course	baking	main	Shrimp And Coconut Rolls
recipenlg:1285680	cuisine	thai	chinese	Thai Fried Rice (With Red Curry Paste)
recipenlg:1285872	cuisine	thai	north_african	Thai Shrimp Curry With Chopped Lettuce And Basil Lime Couscous
recipenlg:1286268	cuisine		middle_eastern	Lebanese Baked Chicken (Frarej)
recipenlg:1286323	cuisine	indonesian_malaysian	thai	Thai-Style Chicken Salad With Spicy Peanut Dressing
recipenlg:1286366	cuisine	thai	chinese	Red Curry Duck Wonton Napoleons
recipenlg:1286805	course	baking	snack	Vietnamese-Style Summer Rolls With Peanut Sauce
recipenlg:1286983	cuisine	spanish	french	Roasted Halibut With Red Pepper Confit And Spicy Tomato Sauce
recipenlg:1287472	cuisine	greek	italian	Raw Lasagna
recipenlg:1289023	cuisine	thai	indian	Braised Halibut Fillets In Coconut And Lemongrass With Smoked Eggplant And Tomato Ginger Chutney
recipenlg:1289467	cuisine		french	Best Ratatouille Ever
recipenlg:1289967	cuisine	persian	german_central_eu	Hungarian Rice Pilaf
recipenlg:1290036	cuisine	mexican	italian	Southwest Panzanella
recipenlg:1290113	cuisine		korean	Korean Saewoo Bokkeumbap (Shrimp Fried Rice)
recipenlg:1290683	cuisine		italian	Vegetable Lasagna
recipenlg:1291036	cuisine	vietnamese	thai	Thai Spring Rolls
recipenlg:1291479	cuisine	middle_eastern	mexican	Easy Quesadillas
recipenlg:1291515	cuisine		french	Crabmeat Au Gratin
recipenlg:1291692	cuisine	spanish	italian	Roasted Risotto
recipenlg:1291692	course	side	main	Roasted Risotto
recipenlg:1291894	cuisine	italian	french	Potato-Mushroom Gratin
recipenlg:1291974	cuisine	spanish	southern_us	Exotic Fruit Jambalaya
recipenlg:1292125	cuisine	american	southern_us	Cornbread With Caramelized Apples And Onions
recipenlg:1292157	cuisine	spanish	french	Chorizo And Gigante Bean Cassoulet
recipenlg:1292203	cuisine		british_irish	Shepherd'S Pie
recipenlg:1292245	course	baking	main	Stuffed Cabbage Rolls - Polish Style
recipenlg:1292292	cuisine		italian	Shrimp And Spring Herb Orzo "Risotto"
recipenlg:1292292	course	side	main	Shrimp And Spring Herb Orzo "Risotto"
recipenlg:1292706	cuisine	chinese	japanese	Ginger Teriyaki Chicken
recipenlg:1292720	cuisine	caribbean	indian	Lobster Spring Rolls With Mango Pineapple Chutney
recipenlg:1292734	course	main	breakfast	Potato Breakfast Hash With Eggs And Mushrooms
recipenlg:1293041	cuisine		french	Root Vegetable Gratin
recipenlg:1293166	cuisine	mediterranean	middle_eastern	Vegetable Frittata W/ Hummus And Black Olives
recipenlg:1293203	cuisine		latin_american	Vegetable Salad With Chimichurri Vinaigrette
recipenlg:1293325	cuisine		japanese	Udon With Grilled Flank Steak
recipenlg:1293346	cuisine		middle_eastern	Mint-Marinated Shrimp With Tabbouleh, Tomatoes, And Feta
recipenlg:1293366	course	dessert	main	Turkey Breast Roulade With Crimini, Porcini, And Pancetta
recipenlg:1294212	cuisine		indian	Indian Lamb Curry, After La Coupole, Paris
recipenlg:1294253	cuisine		chinese	Pressure Cooker Pork & Corn Congee
recipenlg:1294808	course	baking	main	Vietnamese Lobster Rolls
recipenlg:1294836	cuisine	latin_american	caribbean	Lechon Asada (Cuban Style Shredded Roast Pork)
recipenlg:1295190	cuisine	turkish	greek	Date And Walnut Phyllo Rolls With Greek Yogurt And Honey
recipenlg:1295554	course	baking	main	Cabbage Rolls
recipenlg:1295749	cuisine	latin_american	italian	Pastelón (Sweet Plantain Lasagna)
recipenlg:1296186	cuisine	middle_eastern	greek	Roasted Cauliflower And Edamame Salad W/ Tzatziki Ranch
recipenlg:1296341	cuisine	caribbean	british_irish	Beer Battered Fish And Chips With Tartar Sauce
recipenlg:1296416	cuisine		japanese	Japanese-Style Curry (
recipenlg:1296596	cuisine		thai	Thai Ground-Pork Salad With Mint And Cilantro
recipenlg:1296883	cuisine		north_african	Spinach Shakshuka
recipenlg:1296931	cuisine		british_irish	Washington Post Shepherd'S Pie
recipenlg:1296998	cuisine	spanish	italian	Seafood Risotto (Risotto Ai Fruitti Di Mare)
recipenlg:1296998	course	side	main	Seafood Risotto (Risotto Ai Fruitti Di Mare)
recipenlg:1297124	cuisine	korean	japanese	Teriyaki Tofu Salad
recipenlg:1297342	cuisine	turkish	middle_eastern	Easy Hummus And Flat Bread
recipenlg:1297346	cuisine	thai	latin_american	Coconut-Ginger Ceviche
recipenlg:1297580	cuisine	latin_american	mexican	Steak Fajitas
recipenlg:1297877	course	baking	main	Asian Fusion With Wasabi Cheese Rolls
recipenlg:1298275	cuisine		north_african	Green Herb Shrimp With Summer Squash Couscous
recipenlg:1299250	cuisine	turkish	german_central_eu	Green Tomato Strudel With Cheese Ice Cream And Orange Sauce
recipenlg:1299382	course	dessert	main	Spiced Beef Corn Bread Cobbler
recipenlg:1299603	cuisine	mediterranean	french	Ratatouille
recipenlg:1299717	cuisine		turkish	Kofte Turkish
recipenlg:1299726	cuisine		japanese	Rosemary Citrus Miso-Rubbed Turkey
recipenlg:1300014	cuisine	turkish	german_central_eu	Apple Strudel
recipenlg:1300185	cuisine		german_central_eu	Crab Strudel
recipenlg:1300350	course	dessert	main	Chicken Roulade With Rainbow Pepper Sauce
recipenlg:1300608	course	dessert	snack	Smoked Salmon Cheesecake
recipenlg:1300903	course	baking	snack	Vegetable & Mint Summer Rolls With Peanut Sauce
recipenlg:1301282	cuisine	turkish	indian	Feteer Bel Asaag (Pastry With Ground Meat)
recipenlg:1301455	cuisine	indian	thai	Lamb Meatballs In Green Curry Sauce
recipenlg:1301916	cuisine	british_irish	italian	Berry Tiramisu
recipenlg:1302175	cuisine	american	italian	Blue Cheese-Bacon Focaccia
recipenlg:1302266	cuisine	filipino	mexican	Tacos Al Pastor
recipenlg:1302376	course	baking	main	Golabki - Stuffed Cabbage Rolls
recipenlg:1302530	cuisine		indian	Naan Pizza With Sausage, Swiss Chard And Mushrooms
recipenlg:1302873	cuisine	turkish	greek	Greek Honey Cake
recipenlg:1303751	cuisine	mediterranean	french	Chicken-Leg Confit With Potatoes And Escarole
recipenlg:1304209	cuisine	middle_eastern	persian	Persian Panzanella
recipenlg:1304676	cuisine	spanish	italian	New Mexico Risotto
recipenlg:1304676	course	side	main	New Mexico Risotto
recipenlg:1304818	cuisine		german_central_eu	Asparagus Strudel
recipenlg:1304999	cuisine		italian	Duck Risotto
recipenlg:1304999	course	side	main	Duck Risotto
recipenlg:1305203	cuisine	caribbean	mexican	Jamaican Jerk Fish Tacos
recipenlg:1305322	course	side	main	Ragout Of Lamb And Spring Vegetables With Farro
recipenlg:1305347	cuisine	french	korean	Kimchi-Braised Chicken With Bacon
recipenlg:1305575	cuisine		thai	Thai Spring Rolls
recipenlg:1305658	cuisine		italian	Pastrami And Rye Panzanella
recipenlg:1305880	cuisine	vietnamese	japanese	Pork And Udon Noodle Soup
recipenlg:1305963	cuisine	latin_american	caribbean	Cuban Lamb Stes
recipenlg:1306125	course	dessert	main	Egg Roulade Stuffed With Turkey Sausage, Mushrooms, And Spinach
recipenlg:1306287	course	dessert	breakfast	Creole Breakfast Bread Pudding
recipenlg:1306308	cuisine		french	Salad Nicoise
recipenlg:1306851	course	baking	breakfast	Raspberry & Banana No-Knead Breakfast Loaf
recipenlg:1306857	course	dessert	snack	Eggplant Cheesecake
recipenlg:1306871	cuisine	greek	french	Farcis A La Nicoise
recipenlg:1308084	cuisine	middle_eastern	greek	Quick Kabob Pita Sandwiches With Tzatziki
recipenlg:1308107	cuisine		italian	Grape Focaccia With Rosemary Adapted From Claudia FlemingS Last Course
recipenlg:1308611	cuisine		thai	Thai-Style Shrimp Cakes With Sweet Chili Dipping Sauce Recipe
recipenlg:1308717	course	side	main	Serrano Wrapped Grouper With Key Lime Sauce And Sauteed Greens
recipenlg:1308764	cuisine	north_african	indian	Spice Rubbed Salmon With Herb And Pomegranate Raita
recipenlg:1308984	cuisine		latin_american	Asado Negro
recipenlg:1309236	cuisine	north_african	british_irish	Irish Stew With Pearl Barley
recipenlg:1309407	course	baking	main	Mini Shrimp Rolls
recipenlg:1309481	cuisine	thai	chinese	Chicken Wontons With Spicy Asian Broth
recipenlg:1309535	cuisine	mediterranean	french	Roasted Tuna Salad Nicoise
recipenlg:1309538	course	dessert	breakfast	Blueberry Breakfast Tarts
recipenlg:1309654	cuisine	latin_american	british_irish	Southwestern Shepherd'S Pie
recipenlg:1309911	cuisine		latin_american	Tofu Ceviche
recipenlg:1310171	cuisine	southern_us	italian	Michelle'S Minestrone
recipenlg:1310290	cuisine		mexican	Praline'S Enchilada Sauce
recipenlg:1310384	cuisine		italian	Smokey Corn And Tomato Bruschetta
recipenlg:1310506	cuisine	korean	indian	Garam Masala Braised Short Ribs
recipenlg:1310807	cuisine		french	Potato-Tomato Gratin
recipenlg:1310926	cuisine	japanese	latin_american	Salmon Ceviche With Cucumber Salad
recipenlg:1310941	cuisine	spanish	italian	Seafood Bruschetta
recipenlg:1311338	cuisine		thai	Thai Squash Soup
recipenlg:1311357	cuisine		latin_american	Brazilian Black Bean Stew
recipenlg:1311439	cuisine	vietnamese	mexican	Brussels Sprout Tacos With Spicy Peanut Butter
recipenlg:1311521	cuisine		indian	Indian Spiced Short Ribs
recipenlg:1311556	cuisine	mediterranean	french	Local Harvest Ratatouille
recipenlg:1311607	course	side	main	Minute Filets With Pickled Vegetables
recipenlg:1311682	cuisine	filipino	mexican	Slow Cooked Chicken Mole With Tomatoes
recipenlg:1311784	course	baking	snack	Cambodian Summer Rolls
recipenlg:1311793	course	baking	main	Bacon Beef Rolls
recipenlg:1311891	cuisine		latin_american	Brazilian Black Bean Stew
recipenlg:1312046	cuisine	thai	chinese	Pineapple Fried Rice
recipenlg:1312315	cuisine	vietnamese	chinese	Grilled Sichuan Cumin Lamb Chops With Quick Pickled Cucumbers
recipenlg:1312379	cuisine	mediterranean	french	Slow-Roasted Duck With Olive Gravy And Garlic-Fennel Confit
recipenlg:1312549	cuisine		italian	Bruschetta With Fava Beans, Greens, And Blood Oranges
recipenlg:1312982	cuisine		turkish	Herby Chicken Kofta Meatballs
recipenlg:1313223	cuisine		thai	Kinda Thai Pasta Salad
recipenlg:1313348	cuisine		filipino	Grilled Adobo Chicken
recipenlg:1313719	cuisine	mexican	chinese	Chinese Black Rice, Orange, And Avocado Salad
recipenlg:1314122	cuisine	mediterranean	french	Olive Oil–Confit Chicken With Cipolline Onions
recipenlg:1314788	cuisine	turkish	north_african	Lamb Kofte With Couscous
recipenlg:1315104	course	dessert	snack	Smoked Salmon Cheesecake
recipenlg:1315799	cuisine	caribbean	indian	Pineapple Habanero Chutney
recipenlg:1316026	course	side	main	Asparagus & Shrimp Risotto
recipenlg:1316100	cuisine	caribbean	indian	Grilled Jerk Chicken With Scotch Bonnet Sauce And Mango Chutney
recipenlg:1316108	cuisine		north_african	Shakshuka
recipenlg:1316389	cuisine	vietnamese	thai	Thai Ground Pork Salad
recipenlg:1316481	course	side	main	Chop-Chai (Korean Meat & Vegetables With Vermicelli)
recipenlg:1317144	course	side	main	Toasted Barley Risotto With Spinach And Herb Purée
recipenlg:1317721	course	baking	main	Erma'S Cabbage Rolls
recipenlg:1318413	cuisine	north_african	middle_eastern	Moroccan Lamb With Tabbouleh And Crispy Garlic
recipenlg:1318927	cuisine	greek	japanese	Pork Tonkatsu With Watermelon-Tomato Salad
recipenlg:1319135	course	side	main	Zahtar Chicken & Grilled Vegetables
recipenlg:1319157	course	main	breakfast	Breakfast Power Hash
recipenlg:1319289	course	side	main	Halibut And Summer Vegetables En Papillote
recipenlg:1319292	course	baking	snack	Summer Rolls
recipenlg:1319576	cuisine	filipino	mexican	Slow-Braised Lamb Shanks With Guajillo-Pineapple Sauce, Roasted Vegetables, And Coconut Tamales
recipenlg:1319713	cuisine		german_central_eu	German Birthday Cake
recipenlg:1319943	cuisine		chinese	Turkey Fried Rice With Crushed Potato Chips
recipenlg:1319987	cuisine	middle_eastern	north_african	Ful Medames (Egyptian Fava Bean Stew)
recipenlg:1320844	cuisine	greek	mexican	Festive Chicken Fajita
recipenlg:1321110	cuisine	vietnamese	thai	Mango-Beet Rolls With Thai Vinaigrette
recipenlg:1321505	cuisine	greek	french	Ratatouille Tart
recipenlg:1321631	cuisine	indonesian_malaysian	chinese	Nasi Goreng: Malaysian Fried Rice
recipenlg:1321748	course	baking	main	Cabbage Rolls (Golabki)
recipenlg:1322182	course	side	main	Sicilian Swordfish With Sweet/Sour Vegetables
recipenlg:1322642	cuisine		thai	Thai Wraps
recipenlg:1322928	cuisine	filipino	caribbean	Cuban Style Grill-Roasted Pork
recipenlg:1323178	cuisine	mexican	latin_american	Ceviche Verde
recipenlg:1323551	cuisine	spanish	italian	Seafood Risotto
recipenlg:1323551	course	side	main	Seafood Risotto
recipenlg:1323619	course	baking	snack	Market Vegetable Rice Paper Rolls With Yuzu Sauce
recipenlg:1323669	cuisine	southern_us	french	Cassoulet (Whitebean Casserole With Pork, Lamb, And Duck) Part 1
recipenlg:1324268	cuisine	greek	german_central_eu	Cooking For Two: Chicken Schnitzel With Arugula And Tomato Salad
recipenlg:1324274	cuisine	filipino	mexican	Colombian Tamales In Banana Leaves
recipenlg:1324371	cuisine	southern_us	german_central_eu	Polish Chicken And Dumplings
recipenlg:1324372	cuisine	thai	chinese	Shrimp Pineapple Ginger Fried Rice
recipenlg:1324385	cuisine		spanish	Fiery Grilled Shrimp With Honeydew Gazpacho
recipenlg:1324815	cuisine		latin_american	Slow-Cooker Vegetarian Feijoada
recipenlg:1324875	cuisine		north_african	Shakshuka
recipenlg:1324930	course	side	main	Tomato Risotto
recipenlg:1325310	cuisine	italian	french	Ratatouille - Baked
recipenlg:1325693	cuisine	german_central_eu	chinese	Caraway Dusted Pork Chops With Sweet And Sour Cabbage And Apples
recipenlg:1325715	course	dessert	main	Turkey Roulade With Swiss Chard
recipenlg:1325806	course	dessert	breakfast	Instant-Pot Breakfast Cobbler
recipenlg:1325813	course	dessert	main	Smoked Salmon And Herb Roulade
recipenlg:1325857	cuisine	spanish	italian	Lobster Risotto
recipenlg:1325857	course	side	main	Lobster Risotto
recipenlg:1325879	cuisine	indonesian_malaysian	thai	Spicy Thai Chicken Wings
recipenlg:1325905	course	side	main	Pinhead Oat-Crusted Catfish, Roasted Cauliflower And Mustard Greens, And Lemon Cream
recipenlg:1326193	course	baking	main	Stuffed Cabbage Rolls
recipenlg:1326357	course	side	main	Grilled Steak And Vegetables Over Arugula
recipenlg:1326596	cuisine	mediterranean	french	Ratatouille
recipenlg:1326618	course	dessert	main	Chicken-And-Biscuit Cobbler
recipenlg:1327201	cuisine	filipino	mexican	Barbecue Portobello Quesadillas
recipenlg:1327435	cuisine	korean	japanese	Pete'S Kicked Up Japanese Wings
recipenlg:1327790	cuisine	thai	chinese	Thai-Style Pineapple Fried Rice With Shrimp And Cashews
recipenlg:1327809	cuisine	turkish	indian	Grilled Meatballs With Indian-Spiced Yogurt Sauce
recipenlg:1327845	cuisine	filipino	mexican	Pulled Pork Tacos
recipenlg:1328042	cuisine	filipino	french	Pork Confit
recipenlg:1328710	cuisine	latin_american	caribbean	Cuban Style Skirt Steak + 5 Tips For A Better Sear Posted On March 14, 2014 By Tom Hirschfeld
recipenlg:1329005	cuisine		british_irish	Irish Lamb Stew
recipenlg:1329017	cuisine		caribbean	Cuban Avocado, Watercress, And Pineapple Salad (
recipenlg:1329144	cuisine		thai	Thai-Style Beef Salad Over Angel-Hair Pasta
recipenlg:1329373	cuisine	mediterranean	italian	Panzanella With Chicken, Crisp Chicken Skin And Capers
recipenlg:1329452	cuisine	indian	british_irish	Curried Sweet Potato Shepherd'S Pie
recipenlg:1329702	cuisine		french	Grilled Ratatouille Salad
recipenlg:1329895	cuisine	mexican	indian	Indian Corn Pudding
recipenlg:1329914	cuisine	middle_eastern	persian	Persian Yogurt Soup
recipenlg:1330165	cuisine	vietnamese	thai	Thai Pork Tenderloin With Pickled Vegetable Salad
recipenlg:1330228	cuisine	latin_american	mexican	Fish Fillets In Mole Verde
recipenlg:1330425	cuisine	filipino	mexican	Crock Pot Pulled Pork Tacos
recipenlg:1330614	cuisine	north_african	middle_eastern	Chicken Shawarma With Green Beans And Zucchini
recipenlg:1330981	cuisine		german_central_eu	Cheddar Blt Burgers With Tarragon Russian Dressing
recipenlg:1331454	cuisine		italian	Stewed-Tomato Bruschetta
recipenlg:1331904	cuisine	italian	french	Gratin Of Red And Yellow Peppers And Tomatoes
recipenlg:1331944	cuisine	turkish	east_west_african	Ethiopian Honey Challah
recipenlg:1331951	cuisine	korean	chinese	Turmeric-Kale Fried Rice
recipenlg:1332087	cuisine	thai	indian	Indian-Spiced Shrimp
recipenlg:1332238	cuisine	latin_american	indian	Campechana Extra (Mexican Seafood Cocktail)
recipenlg:1332335	cuisine	turkish	greek	Greek Yogurt Cheesecake With Pomegranate Syrup
recipenlg:1332493	cuisine		japanese	Pan-Fried Sea Bass With Miso, Lemon, And Thyme-Glazed Roasties
recipenlg:1332558	cuisine	filipino	latin_american	Peruvian-Style Roast Chicken
recipenlg:1332625	cuisine	thai	chinese	Thai Fried Rice With Pineapple And Chicken
recipenlg:1333638	cuisine		north_african	Harissa-Onion Dogs With Preserved-Lemon Relish
recipenlg:1333845	cuisine		north_african	Couscous Stuffed Eggplant
recipenlg:1333890	cuisine	korean	chinese	Chinese Shredded Potatoes With Chili And Vinegar
recipenlg:1334215	course	baking	main	Korean Fruit Kimbab 과일 김밥 (Seaweed Rice Rolls W Fruit)
recipenlg:1334531	cuisine		north_african	Wild Salmon With Pearl Couscous, Slow-Roasted Tomatoes, And Lemon Oregano Oil
recipenlg:1334878	cuisine	vietnamese	japanese	Pork Katsu With Quick Carrot Pickles
recipenlg:1334897	cuisine	spanish	italian	Saffron Seafood Risotto
recipenlg:1334897	course	side	main	Saffron Seafood Risotto
recipenlg:1335028	cuisine	caribbean	east_west_african	Jollof Rice
recipenlg:1335558	cuisine	italian	indian	Portobello Mushroom Panini On Naan Bread
recipenlg:1335813	cuisine	spanish	italian	Shrimp Risotto With Peas
recipenlg:1335813	course	side	main	Shrimp Risotto With Peas
recipenlg:1335978	cuisine	korean	chinese	The Garlickiest Fried Rice
recipenlg:1336109	cuisine		german_central_eu	German Apple Pancake
recipenlg:1336269	cuisine		caribbean	Josh'S Jamaican Turkey Curry
recipenlg:1336289	course	side	main	Asparagus Butter Risotto With Shrimp
recipenlg:1336937	cuisine	spanish	italian	Risotto With Tomato And Chorizo
recipenlg:1336937	course	side	main	Risotto With Tomato And Chorizo
recipenlg:1337029	cuisine		mexican	Smoked-Salmon Quesadillas With Warm Tomatoes And Arugula
recipenlg:1337089	cuisine		british_irish	Irish Beef Stew
recipenlg:1337132	course	side	main	Provencal Stuffed Summer Vegetables
recipenlg:1337208	cuisine	french	japanese	Carrot-Beef Sushi With Caper-Basil Mustard
recipenlg:1337468	course	side	main	Layered Beef And Root Vegetables In A Spicy Coconut Curry
recipenlg:1337549	cuisine	filipino	chinese	Sweet And Sour Brisket
recipenlg:1338041	cuisine		british_irish	Pumpkin Shepherd'S Pie
recipenlg:1338160	cuisine		italian	Potato Focaccia
recipenlg:1338184	cuisine	korean	japanese	Teriyaki Beef Stuffed Peppers
recipenlg:1338484	course	side	main	Farro With Grilled Lemon And Garlic Chicken And Vegetables
recipenlg:1338774	course	main	breakfast	Breakfast Stew
recipenlg:1339125	cuisine	southern_us	italian	Jambalaya Risotto
recipenlg:1339125	course	side	main	Jambalaya Risotto
recipenlg:1339563	cuisine	turkish	middle_eastern	Syrian Sliha
recipenlg:1340189	cuisine	italian	french	Crisp Tomato, Zucchini And Eggplant Bread Gratin
recipenlg:1340487	cuisine	indonesian_malaysian	thai	Thai-Atomic Boneless Buffalo Wings
recipenlg:1340748	course	dessert	snack	Bite Sized Goat Cheese And Walnut Cheesecakes
recipenlg:1340896	cuisine	southern_us	french	Southwestern Quiche
recipenlg:1342559	cuisine	thai	chinese	Thai-Inspired Red Curry Fried Rice
recipenlg:1342861	course	side	main	Momma'S Baked Chicken & Roasted Vegetables (Quick Version)
recipenlg:1343121	cuisine	italian	mexican	Italian Quesadillas
recipenlg:1343682	cuisine	german_central_eu	french	Cabbage And Red Pepper Gratin
recipenlg:1343765	cuisine		latin_american	Argentine Corn Pudding
recipenlg:1344569	cuisine	caribbean	indian	Pork Tenderloin Adovada W/Mango And Papaya Chutney
recipenlg:1345038	cuisine	vietnamese	thai	Thai Summer Rolls
recipenlg:1345038	course	baking	snack	Thai Summer Rolls
recipenlg:1345203	cuisine	filipino	mexican	Beef Tacos
recipenlg:1345854	cuisine		british_irish	Chicken Shepherd'S Pie
recipenlg:1346402	cuisine		french	Vegetarian Cassoulet
recipenlg:1346735	cuisine	italian	french	Gratin Of Zucchini, Eggplant And Chickpeas
recipenlg:1347247	course	dessert	snack	Smoked Salmon And Dill Cheesecake
recipenlg:1347304	cuisine	southern_us	british_irish	Shepherd'S Pie [Sweet Potato}
recipenlg:1347337	cuisine		caribbean	Cuban - Style Roast Pork
recipenlg:1347362	cuisine	greek	french	Zucchini Rice Gratin
recipenlg:1347506	cuisine	british_irish	french	Fruit-And-Almond Gratins
recipenlg:1347538	cuisine	italian	french	Ratatouille-Style Garden Vegetable Sauce And Fusill
recipenlg:1347576	cuisine	greek	italian	Tomato Bruschetta
recipenlg:1347942	cuisine	vietnamese	thai	Thai Lettuce Wraps
recipenlg:1348000	course	baking	main	Honey Kimmelweck Rolls
recipenlg:1348249	cuisine	vietnamese	chinese	Sweet And Sour Crab Salad
recipenlg:1348542	course	baking	main	Cabbage Rolls
recipenlg:1348698	cuisine	italian	french	Fennel Gratin With Pecorino And Lemon
recipenlg:1348757	cuisine		thai	Super Bowl: Thai Sweet And Spicy Wings
recipenlg:1348832	course	main	breakfast	Breakfast Pizza
recipenlg:1349174	cuisine		indonesian_malaysian	Malaysian Chicken Curry With Peppers
recipenlg:1349262	cuisine	korean	chinese	Stuffing Fried Rice
recipenlg:1349481	course	main	breakfast	Breakfast Banh Mi Sandwich With Eggs And Sausage
recipenlg:1349734	cuisine		thai	Thai Beef Stew With Lemongrass And Noodles
recipenlg:1349735	course	baking	snack	Fresh Rice Paper Rolls With Chicken
recipenlg:1350019	cuisine	thai	chinese	Spicy Stir-Fried Chinese Long Beans With Peanuts
recipenlg:1350158	course	side	main	Roast Loin Of Pork Balsamic Roasted Vegetables
recipenlg:1350231	cuisine		french	Easy Cassoulet
recipenlg:1350374	cuisine	caribbean	latin_american	Ceviche With Coconut Milk
recipenlg:1350380	cuisine	turkish	german_central_eu	Apple Strudel
recipenlg:1350419	cuisine		french	Oyster Swiss Chard Gratin With Country Bacon
recipenlg:1350554	cuisine	north_african	middle_eastern	Chicken Shawarma
recipenlg:1350657	cuisine	greek	french	Pat'S Ratatouille
recipenlg:1350671	course	side	main	Wilted Autumn Greens With Honey Mustard Vinaigrette
recipenlg:1350717	course	baking	breakfast	Applewood Bacon And Eggs Breakfast Flatbread
recipenlg:1350719	cuisine	italian	french	Scampi Gratin With Arugula Salad
recipenlg:1350798	cuisine		indonesian_malaysian	Pork Satay
recipenlg:1351122	cuisine		indian	Tandoori Tofu Vegan Pizza
recipenlg:1351445	cuisine		turkish	Kisir-Turkish Whole Wheat Salad
recipenlg:1351757	cuisine		french	Meat And Potato Skillet Gratin
recipenlg:1351845	course	baking	main	Cabbage Rolls With Meat Stuffing And Wild Mushroom Sauce
recipenlg:1351926	cuisine	latin_american	caribbean	Cuban Black Bean Soup
recipenlg:1352275	cuisine	italian	french	Winter Squash Gratin
recipenlg:1352405	course	side	main	Risotto Primavera
recipenlg:1352500	cuisine	mexican	spanish	Green Gazpacho Shots
recipenlg:1352561	cuisine	latin_american	italian	Sourdough Panzanella With Grilled Flank Steak
recipenlg:1352777	course	baking	snack	Alaskan King Crab Summer Rolls
recipenlg:1353053	cuisine	italian	french	Baked Garden Ratatouille
recipenlg:1353251	cuisine		filipino	Seafood Sinigang (Sour And Savory Seafood Soup)
recipenlg:1353653	cuisine		mexican	Pork Tamales
recipenlg:1354080	course	side	main	Oporostiphatho - Lamb Stew With Autumn Vegetables A La Greque
recipenlg:1354244	cuisine	middle_eastern	turkish	Turkish Lamb Chops With Sumac, Tahini, And Dill
recipenlg:1354352	cuisine		german_central_eu	Raw Apple Strudel – Grain & Gluten Free
recipenlg:1354395	cuisine	italian	spanish	Ziti With Grilled-Gazpacho Sauce And Sausage
recipenlg:1354903	cuisine		french	Individual Quiches In A Crepe
recipenlg:1355064	cuisine	filipino	french	Jim DrohmanS Pork Belly Confit
recipenlg:1355105	course	baking	main	Lobster Rolls With Lemon Vinaigrette And Garlic Butter
recipenlg:1355220	course	snack	breakfast	Breakfast Quesadillas
recipenlg:1355494	cuisine	korean	japanese	Ramen Noodle Bowl
recipenlg:1355569	cuisine		thai	Lamb Larb
recipenlg:1355593	course	dessert	snack	Smoked Salmon Cheesecake
recipenlg:1355758	cuisine		french	Layered Ratatouille
recipenlg:1355861	cuisine	spanish	italian	Baked Cod On A Risotto-Red Pepper Bed
recipenlg:1356067	cuisine		filipino	Adobo-Marinated Chicken Quesadillas
recipenlg:1356436	cuisine	filipino	mexican	Pulled Pork Burrito
recipenlg:1356478	cuisine		french	Oven Roasted Ratatouille
recipenlg:1356921	cuisine	middle_eastern	greek	Tuna Souvlaki Gyro With Beet Tahini And Parsley Salad
recipenlg:1356948	cuisine	filipino	mexican	Fantastic Pork Fajitas
recipenlg:1357319	cuisine		middle_eastern	Carrot Hummus
recipenlg:1357446	cuisine	thai	indonesian_malaysian	Indonesian Spicy Fried Potato W/ Lemon Basil
recipenlg:1357581	cuisine	chinese	japanese	Ginger-Teriyaki Chicken
recipenlg:1357668	cuisine	mexican	spanish	Tomatillo, Tomato, And Avacado Gazpacho
recipenlg:1357675	cuisine		north_african	Slow-Roasted Salmon With Cherry Tomatoes And Couscous
recipenlg:1357798	cuisine	vietnamese	spanish	Watermelon Gazpacho
recipenlg:1357809	course	side	main	Dairy-Free Risotto
recipenlg:1357957	cuisine	vietnamese	chinese	Wok-Fried Rice Noodles With Chicken And Squid
recipenlg:1358245	cuisine	filipino	mexican	Tacos Al Pastor
recipenlg:1358820	cuisine	vietnamese	thai	Thai Beef Salad
recipenlg:1360030	cuisine	filipino	mexican	Tofu Tacos
recipenlg:1360147	cuisine		french	Vegetable Gratin
recipenlg:1360197	cuisine	turkish	greek	Greek Apple Pie
recipenlg:1360237	cuisine		italian	American Wagyu Osso Buco Recipe (Braised Beef Shanks)
recipenlg:1360253	cuisine	persian	indian	Pom & Fruit Chutney
recipenlg:1360314	cuisine	latin_american	spanish	Gazpacho Flank Steak Pinwheels
recipenlg:1360625	cuisine	filipino	mexican	Homemade Taco Seasoning Mix Tacos
recipenlg:1360628	cuisine	mediterranean	french	Roasted Ratatouille
recipenlg:1360716	course	side	main	Bengali 5 Spice Roasted Chicken And Vegetables
recipenlg:1360880	course	side	main	Cauliflower & Carrot Risotto With Chicken & Mushrooms
recipenlg:1360895	cuisine	greek	indian	Poached Salmon With Cucumber Raita
recipenlg:1361119	cuisine	german_central_eu	french	Potato Pancakes With Confit Duck And Red-Cabbage Beet Slaw
recipenlg:1361550	cuisine	american	southern_us	Blueberry Cornbread Muffins
recipenlg:1362516	cuisine	korean	chinese	Super Bowl: General Tso'S Chicken Wings
recipenlg:1362554	cuisine		italian	Panzanella Salad With Bell Peppers And Eggplant
recipenlg:1362643	course	side	main	Summertime Risotto
recipenlg:1362929	cuisine		italian	Tuscan Panzanella
recipenlg:1363008	course	side	main	Kalbi-Jim (Korean Beef Shortribs Simmered With Vegetables)
recipenlg:1363068	cuisine	greek	indian	Pan-Roasted Salmon With Collards And Radish Raita
recipenlg:1363118	cuisine	caribbean	indian	Curried Pineapple And Ginger Chutney
recipenlg:1363283	cuisine	fusion_other	spanish	Tropical Sangria Pops
recipenlg:1363329	course	baking	main	Pork-And-Rice-Stuffed Cabbage Rolls
recipenlg:1363338	course	baking	side	Cheddar Corn Spoon Bread
recipenlg:1363485	cuisine	vietnamese	thai	Un-Done Summer Rolls With Tangy Thai Mint Dressing
recipenlg:1363485	course	baking	snack	Un-Done Summer Rolls With Tangy Thai Mint Dressing
recipenlg:1363505	cuisine		french	Grilled Ratatouille With Tomato Ragout
recipenlg:1363550	cuisine		mexican	Apple Cider-Ginger Braised Pork Shoulder Tacos With Apple-Cabbage Slaw
recipenlg:1363686	cuisine		indian	Cool, Muddled Cucumber Raita With A Happy Hour Option
recipenlg:1363990	cuisine	korean	japanese	Tebasaki (Japanese Style Buffalo Wings)
recipenlg:1364136	cuisine	turkish	greek	Honeyed Greek Filo Custard
recipenlg:1364159	cuisine	thai	chinese	Chili-Dusted Garlic Shrimp Over Veggie Fried Rice
recipenlg:1364479	cuisine		latin_american	Ceviche With Pink Grapefruit And Green Olives
recipenlg:1364557	course	main	breakfast	Breakfast Beans
recipenlg:1364614	cuisine	turkish	middle_eastern	Labneh Ice Cream With Pistachio-Sesame Brittle
recipenlg:1364974	cuisine		chinese	Rainbow Congee
recipenlg:1365214	course	side	main	Grilled Radicchio Risotto
recipenlg:1365403	cuisine	north_african	middle_eastern	Easy Oven-Baked Chicken Shawarma Recipe
recipenlg:1365448	cuisine	american	southern_us	Strawberry-Basil Skillet Quinoa Cornbread
recipenlg:1365475	cuisine		spanish	Gazpacho With Corn And Zucchini Aka "Thick Soup"
recipenlg:1365522	cuisine	greek	italian	Blackened Salmon Focaccia
recipenlg:1365714	cuisine	filipino	mexican	Quick Chicken Pozole
recipenlg:1365786	cuisine		german_central_eu	Krupnik (Polish Honey Liqueur)
recipenlg:1366124	cuisine	german_central_eu	chinese	Arthur Schwartz'S Russian Sweet And Sour Cabbage Soup
recipenlg:1366133	cuisine	american	french	Croissant Bread Pudding For Rutty With Rum, Orange And Bananas
recipenlg:1366159	cuisine	thai	vietnamese	Southeast Asian Pho
recipenlg:1366168	cuisine	middle_eastern	north_african	Twice-Baked Stuffed Yams With Harissa And Red Lentils
recipenlg:1366231	cuisine		italian	Duck Bolognese
recipenlg:1366240	cuisine	caribbean	north_african	Roasted, Moroccan Spiced, Sweet Potato Soup With Rum Cream
recipenlg:1366452	cuisine	turkish	chinese	Sweet And Sour Grilled Plums With Grilled Cheese: Kebabs Or A La Carte
recipenlg:1366483	cuisine	turkish	german_central_eu	Rhubarb Strudel
recipenlg:1366557	cuisine	southern_us	french	Maple Mustard Cassoulet
recipenlg:1367064	cuisine	filipino	mexican	Easy Marinated Chicken Tacos
recipenlg:1367091	cuisine		greek	Maple Sweet Potato Cakes With Curried Greek Yogurt
recipenlg:1367145	cuisine	latin_american	french	Cinco De Mayo Quiche
recipenlg:1367167	cuisine		french	Crabmeat Au Gratin Bites
recipenlg:1367225	cuisine	middle_eastern	greek	Seasonal Salad With Tzatziki Dressing
recipenlg:1367245	cuisine		italian	Mixed Citrus Caprese Salad
recipenlg:1367340	cuisine	filipino	middle_eastern	Burek (Assyrian Egg Rolls)
recipenlg:1367347	course	baking	breakfast	Gluten-Free Vegan Savoury Breakfast Muffins | Zucchini And Tomato Muffins
recipenlg:1367407	cuisine		indonesian_malaysian	Cilantro Lime Beef Satay
recipenlg:1367517	cuisine	german_central_eu	british_irish	Scrummy Shepherd'S Pie
recipenlg:1367558	cuisine	middle_eastern	italian	Sugar - Free Parsnips, Celeriac, Yellow Beets And Oats Risotto
recipenlg:1367558	course	side	main	Sugar - Free Parsnips, Celeriac, Yellow Beets And Oats Risotto
recipenlg:1367628	cuisine	vietnamese	middle_eastern	Buckwheat Tabbouleh With Roasted Young Turnips And Crunchy Radishes
recipenlg:1367739	course	baking	snack	Asian Summer Rolls With Leftover Fish And Market Greens
recipenlg:1367916	cuisine	vietnamese	filipino	Pancit
recipenlg:1367939	cuisine		italian	Fall Harvest Panzanella
recipenlg:1368558	cuisine		north_african	Harissa
recipenlg:1368684	cuisine		italian	Spring Veggie "Lasagna"
recipenlg:1368962	cuisine	middle_eastern	indian	Masoor Dal Hummus
recipenlg:1368995	course	baking	snack	Vegetarian Summer Rolls
recipenlg:1369034	cuisine	turkish	german_central_eu	Cheese Strudel Breakfast Tarts
recipenlg:1369034	course	dessert	breakfast	Cheese Strudel Breakfast Tarts
recipenlg:1369070	cuisine		mexican	Greek Fusion Tacos
recipenlg:1369217	cuisine	thai	chinese	Thai Pineapple Fried Rice With Shrimp
recipenlg:1369223	cuisine	thai	indonesian_malaysian	Malaysian Spicy Chicken
recipenlg:1369519	cuisine	british_irish	greek	Greek Milk Pie - Galaktoboureko
recipenlg:1369593	course	side	main	Vietnamese Caramel Chicken Risotto
recipenlg:1369632	cuisine		italian	Caramelized Apricots & Lighvan Cheese Bruschetta
recipenlg:1369697	cuisine	turkish	persian	Persian Baklava
recipenlg:1369748	cuisine		french	Swiss Chard, Potato And Leek Gratin
recipenlg:1369782	cuisine	turkish	greek	Greek Style Honey-Yogurt & Pear Pudding
recipenlg:1369853	cuisine	turkish	greek	Melomakarona (Greek Honey-Spice Cookies)
recipenlg:1369983	course	baking	snack	Vegetarian Summer Rolls With Quinoa
recipenlg:1369995	cuisine	indonesian_malaysian	caribbean	Rustic Chicken Roti
recipenlg:1370014	cuisine		german_central_eu	German Apricot Cake
recipenlg:1370120	cuisine		french	Grilled Salmon Nicoise
recipenlg:1370125	cuisine		indian	Chicken Biryani Recipe And Nutritional Information
recipenlg:1370305	course	side	main	Oven Braised Vegetables With Gutsy Lemon Vinaigrette
recipenlg:1370469	cuisine		north_african	Eggs In Purgatory {Shakshuka}
recipenlg:1370547	cuisine	thai	vietnamese	Vietnamese-Ish Rice Noodle Salad With Shrimp, Peas, And Corn
recipenlg:1370755	cuisine	italian	north_african	Green Shakshuka With Cheese Recipe
recipenlg:1370963	cuisine	latin_american	thai	Sea Scallops With Corn, Thai Basil And Lime Appetizer
recipenlg:1371198	course	dessert	breakfast	Savory Sunday Breakfast Pudding
recipenlg:1371256	cuisine		french	Lili’S Ratatouille
recipenlg:1371348	cuisine	filipino	mexican	Turkey Tacos
recipenlg:1371684	cuisine	latin_american	indian	Abra'S Campechana
recipenlg:1371762	course	dessert	breakfast	Don'T Hold The Anything Breakfast Bread Pudding
recipenlg:1371881	cuisine	korean	japanese	Tofu Teriyaki Buddha Bowl With Roasted Veggies
recipenlg:1371974	cuisine	italian	french	Tomato, Summer Squash, And Caramelized Onion Gratin
recipenlg:1372006	cuisine	turkish	indian	Baked Aghan Samosa
recipenlg:1372138	cuisine	british_irish	italian	Simplified Limoncello Tiramisu With Raspberries
recipenlg:1372161	cuisine	north_african	greek	Swiss Chard & Quinoa "Dolmas"
recipenlg:1372222	cuisine	turkish	indian	Indian-Spiced Carrot Orange Pineapple Crumble
recipenlg:1372570	cuisine	caribbean	east_west_african	Egusi Stew
recipenlg:1372622	cuisine	caribbean	east_west_african	Jollof-Spiced Chicken With Baked Plantains
recipenlg:1372672	cuisine		british_irish	Savory Scones With Bacon, Red Onion And Smoked Gouda
recipenlg:1372767	cuisine	german_central_eu	british_irish	Slow Cooker Irish Stout Sliders
recipenlg:1372913	cuisine		german_central_eu	Got Too Many Tomatoes? Pickle Them Russian Style!
recipenlg:1373088	cuisine	indian	italian	Instant Pot Bengali Red Lentil, Potato, Pea, And Cauliflower Risotto
recipenlg:1373088	course	side	main	Instant Pot Bengali Red Lentil, Potato, Pea, And Cauliflower Risotto
recipenlg:1373191	cuisine	middle_eastern	turkish	Turkish Bean Salad
recipenlg:1373250	cuisine	middle_eastern	italian	Easy Focaccia Bread With Creamy White Bean Dip
recipenlg:1373298	cuisine		french	Chicken Thighs Confit
recipenlg:1373309	cuisine	caribbean	italian	Pineapple Cilantro Risotto
recipenlg:1373309	course	side	main	Pineapple Cilantro Risotto
recipenlg:1373575	cuisine	spanish	italian	Grilled Calamari Stuffed With Chorizo-Saffron Risotto
recipenlg:1373613	cuisine	italian	french	Bay Scallops, Shrimp And Calamari Gratin, Flavored With Mortadella
recipenlg:1373672	cuisine	latin_american	caribbean	Cuban-Style Skirt Steak With Classic Sour Orange Mojo
recipenlg:1373728	course	side	main	Braised Collard Greens With Bacon
recipenlg:1373754	course	dessert	baking	Luscious Lemon Cream Roll With Summer Berries
recipenlg:1373895	cuisine	middle_eastern	indian	Roasted Garam Masala Carrots & Spicy Hummus
recipenlg:1374031	cuisine	vietnamese	japanese	Teriyaki Salmon Spring Rolls With Two Dipping Sauces
recipenlg:1374205	course	main	breakfast	Sunny Side Marjoram Breakfast Hash
recipenlg:1374334	cuisine	spanish	greek	Lobster Pasta Greek Style "Astakomakaronada"
recipenlg:1374753	cuisine	german_central_eu	french	Smoked Mackerel Gratin
recipenlg:1375150	course	dessert	breakfast	Breakfast Crisp With Apples, Pears, And Cranberries
recipenlg:1375417	cuisine		greek	Stuffed Mussels - Mussels Dolmas
recipenlg:1375520	cuisine		chinese	Never, Ever An Insipid Rice Again - Basic Fried Rice That Everyone Should Know
recipenlg:1375664	course	side	breakfast	My Favorite Quinoa Breakfast Hash
recipenlg:1376176	course	baking	side	Roasted Butternut Squash Spoon Bread
recipenlg:1376207	cuisine	persian	japanese	Banana Sushi With Cardamom & Rose Water Truffles
recipenlg:1376270	cuisine		mexican	Winter Pork Tacos
recipenlg:1376529	course	baking	side	Baked Red Bell Peppers With Sweet Corn Spoon Bread
recipenlg:1376632	cuisine	indian	east_west_african	Mustard Greens And Spinach With Ethiopian Berbere Spices
recipenlg:1376896	cuisine		north_african	Shakshuka
recipenlg:1376969	course	baking	main	Southern Shrimp Rolls
recipenlg:1376986	cuisine		french	Easy To Pack Picnic Salade Nicoise
recipenlg:1377038	cuisine	thai	chinese	Baked Pineapple Fried Rice With Cashew Nuts
recipenlg:1377269	cuisine		italian	Super Easy Slow Cooker Chicken And Dumplings (With Gnocchi!)
recipenlg:1377394	cuisine	mediterranean	german_central_eu	Braised Squid With Hungarian Wax Peppers And Feta
recipenlg:1377451	cuisine	italian	french	Pasta With Corn, Slow-Cooked Tomatoes, And Garlic Confit
recipenlg:1377531	cuisine	greek	spanish	Watermelon Gazpacho With Feta And Mint
recipenlg:1377719	cuisine	turkish	north_african	Will You Be My Valentine Chocolate Couscous Pudding
recipenlg:1377795	cuisine	middle_eastern	east_west_african	Savory Berbere Spiced Pumpkin Socca (With Or Without A Poached Egg On Top)
recipenlg:1377804	cuisine	mediterranean	italian	Triple Grilled Poblano Pesto Bruschetta
recipenlg:1377922	cuisine		italian	Nonna Beppa Soho Famous Bolognese Sauce
recipenlg:1378026	cuisine		indian	(Raw) Masala Carrot Dip
recipenlg:1378095	cuisine	middle_eastern	turkish	Turkish Flatbread With Fresh Mozzarella And Za-Atar Greens
recipenlg:1378359	cuisine	middle_eastern	japanese	Miso-Black Garlic Hummus
recipenlg:1378432	cuisine	german_central_eu	british_irish	Cozy Beef & Mushroom Cottage Pie
recipenlg:1378482	course	dessert	snack	Spinach Pesto Cheesecakes
recipenlg:1378567	course	side	main	Easy Marinated Rib-Eye And Veg
recipenlg:1378619	cuisine	caribbean	british_irish	Beer Battered Fish And Chips With Mango Salsa
recipenlg:1378810	cuisine		korean	Kimchi
recipenlg:1378848	cuisine	latin_american	british_irish	Sweet Potato Cottage Pie
recipenlg:1378881	cuisine	turkish	middle_eastern	Cranberry Pecan Hummus With Vegan Graham Crackers
recipenlg:1378956	cuisine	latin_american	spanish	Charbroiled Corn Gazpacho
recipenlg:1378991	course	baking	main	Kristen Kish'S Stuffed Cabbage Rolls
recipenlg:1379060	cuisine		korean	Coconut Milk And Gochujang Prawn Curry
recipenlg:1379257	course	main	breakfast	Breakfast Meatballs With Minted-Soft-Scrambled-Eggs
recipenlg:1379277	cuisine		british_irish	Oven-Fried Fish And Chips
recipenlg:1379292	cuisine	vietnamese	chinese	Chinese Chicken Salad
recipenlg:1379431	cuisine	vietnamese	thai	Summer Rolls With Thai Dipping Sauce
recipenlg:1379431	course	baking	snack	Summer Rolls With Thai Dipping Sauce
recipenlg:1379667	cuisine	caribbean	spanish	Tropical Gazpacho Served With Fried Ripe Plantains
recipenlg:1379693	cuisine	turkish	middle_eastern	Apple And Endive Salad With Dates, Pomegranate, Sumac And Honey Walnut Labneh
recipenlg:1380002	course	baking	snack	Rice Paper Rolls With Avocado, Salad & Mint
recipenlg:1380124	cuisine	german_central_eu	french	Cider-Braised Pork Shoulder With Caramelized Onion And Apple Confit
recipenlg:1380127	cuisine		spanish	Summer Gazpacho
recipenlg:1380187	cuisine	italian	french	Roasted Ratatouille Pasta
recipenlg:1380237	cuisine		german_central_eu	My Polish Grandmother'S Apple Cake
recipenlg:1380400	cuisine		chinese	Seafood Stir Fried Rice
recipenlg:1380470	cuisine	latin_american	mexican	Grilled Avocado Quesadilla
recipenlg:1380479	cuisine		mexican	Really Flavorful Braised Chicken Quesadillas
recipenlg:1380658	cuisine	caribbean	mexican	Patacones And Chifles (Plantains Cut Fat And Thin)
recipenlg:1380684	course	dessert	snack	Savory Asparagus Ricotta Cheesecake With Almond Swiss Cheese Crust And Topping.
recipenlg:1380690	cuisine		indian	Indian Spiced Lentils
recipenlg:1380735	cuisine	mexican	latin_american	Soy And Cactus Leaf Ceviche
recipenlg:1380744	course	main	breakfast	Paleo Sweet Potato Breakfast Hash
recipenlg:1381002	course	main	baking	A Garden Roll
recipenlg:1381029	cuisine	thai	latin_american	Coconut Scallop Ceviche
recipenlg:1381238	cuisine	spanish	italian	Seafood Almost Risotto With Barley
recipenlg:1381238	course	side	main	Seafood Almost Risotto With Barley
recipenlg:1381241	course	baking	snack	Vietnamese Shrimp Rice Paper Rolls
recipenlg:1381368	cuisine	spanish	italian	Seafood Bolognese
recipenlg:1381442	cuisine	korean	japanese	Miso & Cider Boneless Pork Ribs Stew
recipenlg:1381541	cuisine	turkish	german_central_eu	Marillenknödeln With Hazelnut Sauce - Apricot Dumplings (Austrian)
recipenlg:1381624	cuisine		french	Alice Waters' Ratatouille
recipenlg:1381643	cuisine		french	Potato Gratin With Leeks And Calamari
recipenlg:1381832	cuisine	italian	french	Sicilian Summer Squash Gratin With Garlic And Thyme
recipenlg:1381944	cuisine	german_central_eu	italian	Rakott Káposzta, Aka Baked Sauerkraut, Aka Sauerkraut Lasagna, Aka "Meat Cake"
recipenlg:1381981	cuisine		thai	Fresh Spring Rolls With Thai Peanut Dipping Sauce
recipenlg:1382096	cuisine		spanish	Mango-Jalapeño Gazpacho Shots
recipenlg:1382142	course	baking	breakfast	Harvest Breakfast Muffins
recipenlg:1382181	cuisine	greek	italian	Zucchini Lasagna
recipenlg:1382231	cuisine	vietnamese	chinese	'Sichuan Paocai' Sichuan Pickles
recipenlg:1382515	cuisine	middle_eastern	north_african	Moroccan Chickpea, Cauliflower & Sweet Potato Grain Bowl
recipenlg:1382629	cuisine	american	middle_eastern	Peach Labneh Semifreddo With Raspberry Coulis
recipenlg:1382789	course	baking	snack	Vietnamese Summer Rolls With Radish Pickle
recipenlg:1383200	cuisine		french	Ratatouille Tart
recipenlg:1383442	cuisine	mexican	japanese	Tomato Tempura With Spicy Jicama Slaw
recipenlg:1383532	course	side	main	Parchment-Roasted Cornish Game Hens With Maple Root Vegetables
recipenlg:1383827	course	baking	main	Stuffed Cabbage Rolls
recipenlg:1383844	cuisine		vietnamese	Vietnamese Fisherman'S Stew
recipenlg:1383925	course	side	main	Gemelli With Bacon, Leeks, And Mushrooms (Cooked In The Style Of Risotto)
recipenlg:1384049	cuisine	indian	greek	Methi Murgh (Chicken Cooked With Fresh Fenugreek Leaves)
recipenlg:1384081	cuisine	filipino	north_african	Homemade Spicy Harissa
recipenlg:1384106	cuisine	latin_american	italian	Shrimp And Avocado "Ceviche" Risotto
recipenlg:1384106	course	side	main	Shrimp And Avocado "Ceviche" Risotto
recipenlg:1384142	course	side	main	Halibut And Vegetables En Papillote
recipenlg:1384245	cuisine	middle_eastern	north_african	Couscous W/ Sumac Roasted Chickpeas&Carrots And Tangy Tahini Sauce
recipenlg:1384248	cuisine	greek	german_central_eu	Savory Greek Breakfast Strudels
recipenlg:1384319	cuisine	greek	middle_eastern	Torn Pita Panzanella/Fattoush With Salad Greens, Sumac & Feta Cheese
recipenlg:1384583	cuisine		thai	Thai-Scented Asparagus Soup
recipenlg:1384647	cuisine	turkish	german_central_eu	Vegan Sugar-Free Apple Strudel
recipenlg:1385002	cuisine	spanish	italian	Shrimp And Grits Style Risotto
recipenlg:1385002	course	side	main	Shrimp And Grits Style Risotto
recipenlg:1385065	course	baking	breakfast	Texas Breakfast Beer Bread
recipenlg:1385114	cuisine	italian	french	Olive Oil Cake With Tomato Confit
recipenlg:1385182	cuisine	japanese	chinese	Baked Wonton Crackers With Asian Cha! Crab Salad
recipenlg:1385309	cuisine	filipino	chinese	Spicy Sweet And Sour Steak Tacos
recipenlg:1385638	course	baking	side	Fresh-Herbed Spoon Bread
recipenlg:1385982	course	side	baking	Collard Roll Ups With Coconut Curry Kale
recipenlg:1386269	course	baking	main	Sweet Potato Rolls With Bacon And Brown Sugar Butter
recipenlg:1386591	cuisine		german_central_eu	Chunky Chilled Beet Borscht
recipenlg:1386693	cuisine	greek	caribbean	Chilled Cubanelle Soup
recipenlg:1386805	cuisine		chinese	Crispy Chicken Thighs With Chicken-Fat Fried Rice
recipenlg:1387031	cuisine		greek	Vasilopita Cake. Greek New Years Cake.
recipenlg:1387277	cuisine		spanish	Grilled Heirloom Tomato Gazpacho
recipenlg:1387358	cuisine		italian	Panzanella Verde
recipenlg:1387373	cuisine	filipino	mexican	Cuban Pulled Pork Tacos
recipenlg:1387419	course	side	main	Roasted Herbaceous Chicken Leg Quarters And Veg
recipenlg:1387569	cuisine		north_african	Green Shakshuka
recipenlg:1387699	cuisine	thai	mexican	Veggie Frenzy Stir-Fry Gluten Free Tacos
recipenlg:1387938	cuisine	latin_american	spanish	Simple Cherry Sangria Salsa With Steak
recipenlg:1387943	cuisine	filipino	mexican	Daiya Jackfruit Tacos
recipenlg:1387991	cuisine		french	Quick Cassoulet
recipenlg:1388100	course	side	main	Sugar - Free Mushroom Coconut Risotto With Poached Egg
recipenlg:1388454	course	side	main	One Pan Salmon And Vegetables
recipenlg:1388558	cuisine		british_irish	Cast Iron Savoury Scones
recipenlg:1388574	cuisine	spanish	italian	White Peach And Cantaloupe Bruschetta
recipenlg:1388693	cuisine		thai	Thai Beef Salad
recipenlg:1388771	cuisine	greek	middle_eastern	Fattoush Salad
recipenlg:1388831	cuisine		north_african	Yotam Ottolenghi'S Shakshuka
recipenlg:1388868	cuisine		italian	Spring Onion And Lemon Focaccia
recipenlg:1388925	course	dessert	snack	Pumpkin Cheesecake
recipenlg:1389058	course	side	main	Simple Roast Pork And Vegetables
recipenlg:1389232	cuisine	vietnamese	japanese	Teriyaki Tofu Summer Rolls
recipenlg:1389232	course	baking	snack	Teriyaki Tofu Summer Rolls
recipenlg:1389328	cuisine	north_african	greek	Dolma Style Chicken And Swiss Chard Spring Moussaka
recipenlg:1389463	cuisine		thai	Umami Sliders With Thai Broccoli Slaw
recipenlg:1389594	course	baking	main	Veal Rolls With Smoked Cheese
recipenlg:1389633	cuisine	mediterranean	italian	Tomato And Shrimp Risotto With Ouzo And Feta
recipenlg:1389633	course	side	main	Tomato And Shrimp Risotto With Ouzo And Feta
recipenlg:1389883	course	baking	breakfast	Sundried Tomato And Spinach Scramble Breakfast Pastry
recipenlg:1390119	cuisine		latin_american	Summer Ceviche Salad
recipenlg:1390218	cuisine	indian	british_irish	Asian Baked Fish And Chips
recipenlg:1390338	cuisine		north_african	Moroccan Orange Salad With An Orange Blossom Syrup
recipenlg:1390462	cuisine	middle_eastern	mexican	Taco Salad With Crunchy Chickpeas, Roasted Tomatoes & Cilantro Vinaigrette
recipenlg:1390598	cuisine	turkish	east_west_african	Nigerian Meat Pie
recipenlg:1390676	cuisine		spanish	Holly Jolly Sangria Pie
recipenlg:1390724	cuisine		japanese	Meatballs With Chinese Celery Over Noodles In Lemongrass Miso Sauce
recipenlg:1390791	cuisine		german_central_eu	Apple Strudel
recipenlg:1390901	cuisine	spanish	italian	Chorizo, Rosemary And Comté Risotto
recipenlg:1390901	course	side	main	Chorizo, Rosemary And Comté Risotto
recipenlg:1390979	cuisine	turkish	middle_eastern	Heavenly Kanafe.... A Syrian Dessert Made With Ricotta & Shredded Filo Dough
recipenlg:1391453	cuisine	german_central_eu	french	Trout Confit In A Zesty Marinade
recipenlg:1391520	cuisine	german_central_eu	chinese	Sweet And Sour Braised Leeks With Bacon And Raisins
recipenlg:1391584	cuisine	greek	italian	Summer Panzanella
recipenlg:1391888	cuisine	turkish	greek	Breakfast Oats With Roasted Spiced Rhubarb And Greek Yoghurt
recipenlg:1392011	course	main	breakfast	Apple And Pork Breakfast Sausage
recipenlg:1392179	cuisine	indonesian_malaysian	chinese	Chinese Street Cart Chicken Skewers
recipenlg:1392385	cuisine	latin_american	spanish	Chunky Gazpacho With Shrimp Ceviche And Avocado
recipenlg:1392431	course	side	main	Off The Cuff Turmeric Risotto
recipenlg:1392448	cuisine	spanish	japanese	Re-Imagined Red Pepper Tempura With Smoky Garlic Aioli
recipenlg:1392510	course	main	breakfast	Breakfast Enchiladas With Roasted Tomatillo Sauce
recipenlg:1392604	cuisine	persian	indian	Persian Rice Cookies (Naan-E Berenji) - Gluten Free
recipenlg:1392742	cuisine		italian	Roasted Summer Vegetable Panzanella
recipenlg:1392751	cuisine	turkish	italian	Jasmine-Scented Raspberry Breakfast Tiramisu'
recipenlg:1392751	course	dessert	breakfast	Jasmine-Scented Raspberry Breakfast Tiramisu'
recipenlg:1392900	cuisine		indian	Indian Chicken Bites
recipenlg:1393097	cuisine	thai	mexican	Cinco De Mayo Mango Shrimp Fajita
recipenlg:1393151	cuisine		thai	Nam Tok - Thai Waterfall Grilled Beef Salad
recipenlg:1393205	course	baking	main	Braised Collard Rolls With Lamb And Quinoa
recipenlg:1393213	course	baking	main	Stuffed Flounder Rolls
recipenlg:1393218	cuisine	caribbean	east_west_african	Nigerian Frejon Recipe
recipenlg:1393240	cuisine	mediterranean	french	Quick Stove Top Ratatouille With Feta
recipenlg:1393501	cuisine	persian	middle_eastern	Assyrian Jeweled Rice
recipenlg:1393578	cuisine		greek	Beer-Braised Pulled Pork Sliders With Tzatziki Slaw
recipenlg:1393789	cuisine	italian	french	Scrumptious Southern Ratatouille
recipenlg:1394023	cuisine	filipino	mexican	Fry Bread Tacos
recipenlg:1394360	cuisine		mexican	Rich Taco Meat
recipenlg:1394424	cuisine	turkish	greek	Greek Honey Bread
recipenlg:1394523	cuisine	middle_eastern	mexican	Zesty Guacamole With Spiced Pita Chips
recipenlg:1394675	cuisine	vietnamese	thai	Thai Turkey Sliders
recipenlg:1394730	course	baking	main	New England Lobster Rolls With Lemon Chive Mayonnaise
recipenlg:1395011	cuisine	vietnamese	mexican	Lettuce Nut Tacos
recipenlg:1395073	cuisine		middle_eastern	Kale Tabbouleh
recipenlg:1395146	cuisine	korean	japanese	Steak Teriyaki With Pickled Pear
recipenlg:1395191	cuisine		mexican	White Fish Escabeche Tacos
recipenlg:1395212	cuisine	american	chinese	Cheddar Ditalini With Scallions, Sichuan Pepper And Peanuts
recipenlg:1395295	cuisine		southern_us	Autumn Harvest Caramelized Onion Apple Cornbread
recipenlg:1395306	cuisine		british_irish	Roasted Brussel Sprout Cottage Pie
recipenlg:1395550	course	dessert	snack	Eggplant Cheesecake
recipenlg:1395705	cuisine	turkish	north_african	M'Semen - Spiced Savoury Stuffed Moroccan Crêpes
recipenlg:1395837	cuisine	american	indian	Spiked Cranberry Chutney
recipenlg:1395853	cuisine		mexican	Delicious Dinners Shredded Tender Brisket Beef Fajitas
recipenlg:1396001	cuisine	middle_eastern	mexican	Ganoush Is The New Guacamole
recipenlg:1396066	cuisine	caribbean	thai	Thai Ginger Lime Cooler
recipenlg:1396157	cuisine	british_irish	italian	Limoncello And Blackberry Tiramisu
recipenlg:1396186	cuisine		middle_eastern	Baked Chicken Shawarma
recipenlg:1396459	cuisine	turkish	middle_eastern	Homemade Labneh With Roasted Fruit And A Honey Thyme Syrup
recipenlg:1396460	cuisine	indonesian_malaysian	thai	Thai Beef On Chilli And Ginger Noodles
recipenlg:1396498	cuisine	vietnamese	mexican	Crab & Cantaloupe Tacos With Pickled Jicama “Tortillas”
recipenlg:1396744	cuisine	indian	british_irish	Spiced Winter Squash & Herb ‘Tattie Scone’ Parathas
recipenlg:1397357	course	main	breakfast	Bánh Mì Breakfast Sandwich
recipenlg:1397546	course	dessert	main	Leek And Date-Filled Chicken Roulade With Pomegranate Glaze
recipenlg:1397749	cuisine	middle_eastern	greek	Fava (Greek Yellow Split Pea Dip)
recipenlg:1397809	cuisine	turkish	chinese	Sweet And Sour Tongue
recipenlg:1397848	cuisine	caribbean	spanish	Mango-Pineapple Non-Alcoholic Sangria! Sensational And Refreshing Summer Drink
recipenlg:1397892	cuisine	spanish	italian	Seafood Paella Risotto
recipenlg:1397892	course	side	main	Seafood Paella Risotto
recipenlg:1398296	cuisine	italian	latin_american	Sopa A La Minuta (Peruvian 'Minute Soup')
recipenlg:1398313	cuisine		german_central_eu	German American Potato Salad
recipenlg:1398399	cuisine		vietnamese	Chicken And Bok Choy Pho
recipenlg:1398439	cuisine	thai	filipino	Pancit
recipenlg:1398962	course	baking	main	Lettuce Leaf Rolls
recipenlg:1399035	cuisine	spanish	italian	Squid Ink Risotto With Shrimp And Green Onion Oil
recipenlg:1399035	course	side	main	Squid Ink Risotto With Shrimp And Green Onion Oil
recipenlg:1399396	cuisine		latin_american	Mint Chimichurri Lamb Chops
recipenlg:1399408	cuisine		mexican	Zucchini Quesadillas
recipenlg:1399427	cuisine		italian	Swiss Chard And White Bean Salad With Torn Lasagna
recipenlg:1399678	cuisine	vietnamese	thai	Refreshing + Satisfying Thai Beef Salad
recipenlg:1399826	cuisine		middle_eastern	Tasty Vegetarian Falafel
recipenlg:1399854	cuisine	latin_american	german_central_eu	Russian Imperial Salad
recipenlg:1399930	cuisine		greek	Squash Blossom Dolmas
recipenlg:1399958	cuisine	turkish	middle_eastern	Spiced Lebanese Pine Nuts And Raisins Rice With Turkey
recipenlg:1400149	course	baking	main	Leek And Cheese Rolls With Anchovies Topping
recipenlg:1400181	course	side	main	Simple, Savory Greens
recipenlg:1400224	cuisine	mediterranean	spanish	Cold Lobster Gazpacho With Sun Dried Tomatoes And Basil
recipenlg:1400347	course	side	main	Beef & Vegetables With Sesame Glass Noodles (Japchae)
recipenlg:1400397	cuisine	southern_us	french	Chicken Cassoulet
recipenlg:1400596	cuisine		middle_eastern	Blt Fattoush
recipenlg:1400698	course	side	main	Sheet-Pan Pork Chops & Vegetables With Parsley Vinaigrette
recipenlg:1400773	course	side	breakfast	Sylvia Plath And Ted Hughes Breakfast Toast
recipenlg:1400783	cuisine	turkish	north_african	M'Hanncha - Moroccan Almond And Orange Blossom Phyllo Pastry
recipenlg:1400935	cuisine	japanese	spanish	Tuna Avocado Okra Cannelloni With Red-Shiso Gazpacho
recipenlg:1400988	cuisine		italian	Black Cherry & Rosemary Focaccia
recipenlg:1401015	cuisine		german_central_eu	Rhubarb Strudel
recipenlg:1401044	cuisine	north_african	thai	Steamed Thailand Turkey Burger
recipenlg:1401178	cuisine	spanish	italian	Scallop & King Prawn Risotto
recipenlg:1401178	course	side	main	Scallop & King Prawn Risotto
recipenlg:1401180	course	side	main	Chile Chickpea Brodo With Chorizo And Greens
recipenlg:1401254	cuisine		mexican	Bangkokamole
recipenlg:1401609	cuisine	mediterranean	latin_american	Ceviche Of Snapper
recipenlg:1401705	course	baking	main	Gimbap Oppan Gangnam Style (Korean Seaweed Rice Rolls)
recipenlg:1401801	course	side	main	Chios N.27 Grilled Swordfish With Cilantro Lime Marinated Vegetables
recipenlg:1401956	cuisine	spanish	italian	Gazpacho Panzanella
recipenlg:1402010	cuisine	spanish	italian	Fisherman'S Risotto
recipenlg:1402010	course	side	main	Fisherman'S Risotto
recipenlg:1402054	cuisine		spanish	Minty Watermelon Gazpacho
recipenlg:1402148	cuisine	korean	japanese	Not-Your-College Spicy Ramen
recipenlg:1402170	cuisine	north_african	greek	Greek Yogurt Paprika Chicken
recipenlg:1402173	cuisine		thai	Thai Pantry Wings
recipenlg:1402459	cuisine	mediterranean	italian	Orange Fennel Panzanella With Grilled Calamari (Tuscany Recipe)
recipenlg:1402495	cuisine		spanish	Blood Sausage & Roasted Bell Pepper Tapas
recipenlg:1402818	course	side	main	Lentil Risotto With A Persian Twist
recipenlg:1402920	cuisine		italian	Concord Focaccia With Honey And Rosemary
recipenlg:1402948	cuisine	filipino	latin_american	Vegetarian Brazilian Bean Stew
recipenlg:1402954	cuisine	filipino	chinese	Filipino Congee
recipenlg:1403249	course	side	main	Pesto-Rubbed Chicken & Spring Vegetables In Parchment Packets (En Papillote)
recipenlg:1403563	cuisine	latin_american	mexican	Border-Style Flank Steak Grilled Burritos W/Cilantro Chimichurri Sauce
recipenlg:1403583	cuisine	vietnamese	korean	Asian Shrimp Salad With Gochujang Dressing
recipenlg:1403912	cuisine	vietnamese	thai	Thai Lettuce Rolls
recipenlg:1403912	course	baking	main	Thai Lettuce Rolls
recipenlg:1403971	course	side	main	Vegan Lemon Asparagus Risotto
recipenlg:1404456	cuisine		british_irish	Coconut Scones With Shrimps-Avocado Salad
recipenlg:1404463	cuisine		british_irish	Irish Banger Skillet
recipenlg:1404466	cuisine	german_central_eu	italian	Pumpernickel Focaccia With Lox & Schmear
recipenlg:1404590	cuisine		french	Chard Leaves Sweet Nicoise Pie
recipenlg:1404741	cuisine	filipino	mexican	Carnitas Tenderloin Tacos
recipenlg:1404818	cuisine		thai	Spicy Thai Chicken And Sweet Potato Stew
recipenlg:1404864	cuisine	north_african	german_central_eu	Mushroom Goulash
recipenlg:1404923	cuisine		mexican	Rosted Corn And Sun Dryed Tomato Quesadilla
recipenlg:1404965	course	side	main	Sweet And Spicy Bitter Greens
recipenlg:1404976	cuisine		chinese	Sweet And Sour Butternut Squash
recipenlg:1405216	cuisine	indonesian_malaysian	thai	Easy Cucumber Peanut Salad--Thai Style
recipenlg:1405375	cuisine	german_central_eu	french	Pickled Beet Nicoise
recipenlg:1405507	cuisine	turkish	greek	Crepes With Plums, White Peach ,Greek Yogurt And Caramelized Walnuts
recipenlg:1405565	cuisine		thai	Thai Crab And Mango Salad
recipenlg:1405643	cuisine		chinese	Chinese Breakfast Porridge (Jook)
recipenlg:1405655	cuisine		french	Tamarind-Infused Ratatouille
recipenlg:1405834	cuisine	persian	german_central_eu	Chard, Walnuts And Pomegranate Strudel
recipenlg:1405870	cuisine	vietnamese	korean	Pig Blood Noodles With Smoked Stock And Dehydrated Kimchi
recipenlg:1406029	course	side	main	Vietnamese-Inspired Sweet & Spicy Catfish With Pickled Vegetables
recipenlg:1406219	cuisine	german_central_eu	british_irish	Irish Pub Nachos
recipenlg:1406430	cuisine	indonesian_malaysian	east_west_african	Nigerian Beef Suya
recipenlg:1406566	cuisine		indian	Creamy Indian Noodles
recipenlg:1406698	cuisine		italian	Gluten Free, Homemade Focaccia
recipenlg:1406770	cuisine	indian	thai	Hara Masala Pomfret- Indian Green Curry With Fish
recipenlg:1407122	cuisine		latin_american	Patitas De Cerdo Con Mani (Peruvian Pig'S Feet With Peanuts)
recipenlg:1407202	cuisine	american	british_irish	Avocado-Lime Scones With Chili Sugar Crust
recipenlg:1407331	cuisine		french	Pancetta & Onion Quiche W/ Rice Crust
recipenlg:1407371	course	side	main	Sweet N Savoury Greens
recipenlg:1407494	course	side	main	Baked Risotto With Mushroom, Kale And Leek
recipenlg:1407788	cuisine	middle_eastern	north_african	Sumac And Turmeric Couscous Salad With Rocket And Cranberries
recipenlg:1407840	course	side	baking	Cabbage Roll Minis
recipenlg:1408013	cuisine	french	indian	Petite Tourtière Tarts With Fresh Apple Chutney
recipenlg:1408093	cuisine		indian	Mini Sage Cheddar Biscuits With Apple Walnut Chutney
recipenlg:1408129	cuisine	caribbean	east_west_african	Nigerian Beef Stew
recipenlg:1408150	cuisine		chinese	Double Pear Congee For Dessert
recipenlg:1408468	cuisine		indian	Easy Garam Masala Pork Chops
recipenlg:1408551	cuisine	vietnamese	japanese	Asian-Style Cabbage Slaw W/Tofu And Crunchy Ramen
recipenlg:1408656	course	side	main	Avocado Risotto With Cherry Tomatoes And Mint
recipenlg:1408823	cuisine	filipino	chinese	Pancit Molo (Filipino Wonton Soup)
recipenlg:1409210	cuisine	mediterranean	italian	Shrimp And Feta Bruschetta
recipenlg:1409411	course	side	main	Delicious Spelt Minestrone With Garden Vegetables
recipenlg:1409444	course	dessert	breakfast	Savory Sausage Breakfast Cake
recipenlg:1409786	cuisine		french	Potato Gratin With Oven Dried Tomatoes
recipenlg:1409811	cuisine	turkish	middle_eastern	Riz A Jej (Lebanese Chicken & Rice)
recipenlg:1409964	cuisine	turkish	north_african	Couscous With Citrus, Yogurt, And Almonds
recipenlg:1410189	cuisine	southern_us	french	Apple Turkey Cassoulet
recipenlg:1410214	cuisine		japanese	Japanese-Style Apple And Honey Roll Cake For Rosh Hashanah
recipenlg:1410361	cuisine	latin_american	french	Ratatouille With Herb Corn Topping
recipenlg:1410461	cuisine	mediterranean	french	Whole Wheat Orzo Ratatouille Vegetable Pasta Salad
recipenlg:1410629	course	side	main	Risotto With Patty Pan Squash
recipenlg:1410699	course	baking	main	Sarma (Cabbage Rolls)
recipenlg:1410756	cuisine	vietnamese	chinese	Caramelized Chinese Pork
recipenlg:1410802	cuisine	mediterranean	thai	Herby French Potato Salad With Thai Basil And Garlic Scapes
recipenlg:1410862	cuisine		italian	Focaccia Diaries
recipenlg:1410917	cuisine	american	british_irish	Savory Sage And Apple Chelsea Buns (Made With Scone Dough)
recipenlg:1411061	course	side	main	Olive Oil Herb Roasted Chicken And Veggies
recipenlg:1411222	cuisine	turkish	indian	Plum Samosas With Vanilla Dip
recipenlg:1411239	cuisine		thai	Thai Curried Butternut Squash Soup
recipenlg:1411282	cuisine		italian	Winter Panzanella With Orange, Roasted Beets, And Pomegranate Seeds
recipenlg:1411298	cuisine		japanese	Japanese Potato Salad
recipenlg:1411378	cuisine		chinese	Pork Fried Rice
recipenlg:1411397	cuisine	filipino	mexican	Citrus Pulled Pork Tacos
recipenlg:1411623	course	baking	main	Stuffed Cabbage Rolls
recipenlg:1412412	course	dessert	main	Turkey Roulade With Figgy Port Wine Sauce
recipenlg:1412423	course	side	main	Farro Risotto With Mushrooms
recipenlg:1412680	cuisine	latin_american	british_irish	Pastel De Choclo (Beef And Corn Shepherd'S Pie)
recipenlg:1412688	cuisine		north_african	Baked Eggplant With Couscous And Feta
recipenlg:1412845	cuisine		italian	Lemon-Herb Risotto With Shrimp And Haricots Verts
recipenlg:1412845	course	side	main	Lemon-Herb Risotto With Shrimp And Haricots Verts
recipenlg:1413270	cuisine	japanese	korean	Korean Sushi Rolls With Walnut-Edamame Crumble
recipenlg:1413312	cuisine		french	Duck And Black-Eyed Pea Cassoulet
recipenlg:1413440	course	side	main	Turnips And Turnip Greens With Mustard Butter
recipenlg:1413618	cuisine	southern_us	mexican	Hot Tamales
recipenlg:1413671	cuisine		french	Grass-Fed Flat Iron Steak With Grilled Ratatouille
recipenlg:1413708	cuisine		greek	Greek Lamb With Herbs And Garlic
recipenlg:1413800	course	baking	side	Wild-Mushroom Spoon Bread
recipenlg:1413834	cuisine	middle_eastern	indian	Fiery Chicken Pita Sandwiches With Horned Melon Raita
recipenlg:1413866	course	side	main	Basil Chicken And Vegetables
recipenlg:1414069	course	baking	main	Salmon Cabbage Rolls
recipenlg:1414205	course	side	main	Shrimp And Fennel Risotto
recipenlg:1414334	cuisine	southern_us	french	Duck Confit Dirty Rice
recipenlg:1414405	course	dessert	main	Apple And Cranberry Turkey Roulade
recipenlg:1414807	course	side	main	Chinese Hot Pot Of Beef And Vegetables
recipenlg:1414912	course	side	main	Arctic Char And Vegetables In Parchment Hearts
recipenlg:1414969	cuisine	italian	french	Butternut Squash Au Gratin With Wild Mushrooms And Crispy Bacon
recipenlg:1415100	cuisine	turkish	greek	Greek Easter Bread
recipenlg:1415243	course	side	main	Porcini Farro Risotto
recipenlg:1415374	cuisine		mexican	Bacon-And-Egg Quesadillas
recipenlg:1415649	cuisine		italian	Shrimp Panzanella
recipenlg:1415667	cuisine	french	british_irish	Irish Beef Stew
recipenlg:1415758	course	side	main	Bacon And Wild Mushroom Risotto With Baby Spinach
recipenlg:1415975	cuisine	thai	mexican	Sweet Pepper And Chicken Fajita Stir-Fry
recipenlg:1416150	cuisine		thai	Fried Shrimp Larb
recipenlg:1416510	course	baking	side	Halibut Spoon Bread
recipenlg:1416531	cuisine		british_irish	Battered Catfish And Chips
recipenlg:1416550	cuisine		italian	Marinated Shrimp Bruschetta
recipenlg:1416744	cuisine	italian	southern_us	Scallop Skillet With Bacon, Edamame, Basil, And Creamy Grits
recipenlg:1416922	cuisine		chinese	Chicken Congee (Rice Porridge)
recipenlg:1417198	cuisine		spanish	Tangy Green Zebra Gazpacho
recipenlg:1417341	cuisine		italian	Panzanella
recipenlg:1417473	cuisine	latin_american	caribbean	Cuban Nachos
recipenlg:1417498	cuisine		french	Parsnip, Turnip, And Rutabaga Gratin
recipenlg:1417676	course	dessert	main	Hickory Smoked Sausage Pork Loin Roulade
recipenlg:1417928	cuisine	north_african	indian	Apricot-Almond Chutney
recipenlg:1417957	cuisine		italian	Truffled Shrimp And Crab Risotto
recipenlg:1417957	course	side	main	Truffled Shrimp And Crab Risotto
recipenlg:1418614	cuisine	mediterranean	french	Tuna Roast With Ratatouille
recipenlg:1418853	cuisine		east_west_african	Ethiopian Spiced Steak
recipenlg:1419014	cuisine		indonesian_malaysian	Singaporean Sautéed Asparagus With Ginger
recipenlg:1419060	course	side	main	Snapper Baked In Parchment With Spring Vegetables
recipenlg:1419412	cuisine	southern_us	french	Cassoulet In A Flash
recipenlg:1419420	cuisine		thai	Thai Beef Cabbage Wraps
recipenlg:1419890	cuisine	latin_american	caribbean	Cuban Bread Salad
recipenlg:1419901	course	baking	snack	Everything Smoked-Salmon Summer Rolls
recipenlg:1420028	cuisine		french	Potato Confit With Corn, Ricotta, And Chanterelles
recipenlg:1420225	cuisine		italian	Grilled Sardine, Tomato, And Mint Bruschetta
recipenlg:1420248	cuisine		north_african	Flounder With Herbed Couscous
recipenlg:1420445	course	baking	main	Shrimp Salad Rolls
recipenlg:1420620	cuisine	thai	japanese	Miso Grilled Vegetables
recipenlg:1420631	cuisine	thai	japanese	Spicy Shrimp With Udon Noodles
recipenlg:1421074	cuisine	filipino	mexican	Mama Totota'S Tamales
recipenlg:1421425	cuisine	southern_us	french	Chicken Cassoulet With Acorn Squash
recipenlg:1421721	cuisine		mexican	Confetti Quesadillas
recipenlg:1421843	cuisine	middle_eastern	greek	Fried Chickpea And Arugula Pita Sandwiches With Lime Tzatziki
recipenlg:1422327	cuisine	mediterranean	italian	Goat Cheese, Artichoke, And Olive Bruschetta
recipenlg:1422484	course	side	main	Eggs And Greens
recipenlg:1422755	course	baking	main	Ham Rolls
recipenlg:1422968	cuisine		french	Goat Cheese Nicoise Salad
recipenlg:1423001	course	baking	side	Butternut Squash Spoon Bread
recipenlg:1423277	course	side	main	Barley Risotto With Summer Vegetables
recipenlg:1423290	course	side	main	Venison With Sauteed Beet Greens
recipenlg:1423314	cuisine	german_central_eu	italian	Toasted Rye Bread Panzanella
recipenlg:1423801	cuisine	greek	italian	Panzanella Salad
recipenlg:1423827	cuisine	spanish	italian	Crab And Mushroom Risotto
recipenlg:1423827	course	side	main	Crab And Mushroom Risotto
recipenlg:1423903	cuisine		spanish	Santa Fe Gazpacho
recipenlg:1424256	cuisine		french	Ratatouille Tart
recipenlg:1424578	cuisine	vietnamese	thai	Thai Beef Salad
recipenlg:1424674	cuisine		chinese	Chicken-And-Cabbage Fried Rice
recipenlg:1424954	cuisine	thai	indonesian_malaysian	Satay Chicken Stir-Fry With Snow Peas And Cilantro
recipenlg:1424960	cuisine	italian	french	Ripe Summer Tomato Gratin With Basil (Gratin De Tomates Au Basilic)
recipenlg:1425156	cuisine	chinese	filipino	Stir-Fried Thick And Thin Noodles With Vegetables And Tofu (Pancit)
recipenlg:1425439	cuisine		middle_eastern	Assyrian Barbecued Salmon
recipenlg:1425515	course	side	main	Skillet Chicken And Vegetables
recipenlg:1425668	course	baking	snack	Vietnamese Summer Rolls
recipenlg:1425834	cuisine	filipino	japanese	Teriyaki-Glazed Chicken With Tangy Apricot Ketchup
recipenlg:1426109	cuisine	southern_us	north_african	Cajun Shakshuka
recipenlg:1426141	cuisine		latin_american	Pumpkin Curry Empanadas
recipenlg:1426221	cuisine		french	Potato Gratin With Red Pepper Lattice
recipenlg:1426437	cuisine		north_african	Red Pepper Couscous
recipenlg:1426781	cuisine	mediterranean	french	Nicoise-Style Crudites
recipenlg:1426926	course	side	main	Veal And Vegetables En Papillote
recipenlg:1427039	course	baking	main	Middle Eastern Stuffed Cabbage Rolls
recipenlg:1427212	course	side	main	Pizzichi With Spring Veggies
recipenlg:1427343	course	baking	snack	Vietnamese Summer Rolls
recipenlg:1427458	cuisine		mexican	Sweet Potato And Spinach Quesadillas
recipenlg:1427498	course	baking	main	California Crepe Rolls
recipenlg:1427577	course	baking	main	Beef Cabbage Rolls
recipenlg:1427784	cuisine	middle_eastern	indian	Lamb Burger Pitas With Two-Pepper Chutney
recipenlg:1427806	cuisine		french	Country Potatoes Au Gratin
recipenlg:1427824	cuisine	caribbean	indian	Caribbean Mahi Mahi With Banana Chutney
recipenlg:1427889	cuisine	southern_us	mexican	Corn And Crab Fritters With Guacamole
recipenlg:1427975	cuisine		latin_american	Peruvian Shrimp-And-Corn Chowder
recipenlg:1427983	cuisine	caribbean	mexican	Jerk Steak Tacos
recipenlg:1427988	cuisine		spanish	Shells With Gazpacho Sauce And Avocado
recipenlg:1428008	cuisine	spanish	italian	Corn Risotto
recipenlg:1428008	course	side	main	Corn Risotto
recipenlg:1428177	cuisine		latin_american	Pollo Asado
recipenlg:1428268	course	side	main	Pinot Noir Risotto With Rosemary Chicken
recipenlg:1428375	course	side	main	Leek-And-Mascarpone Cheese Risotto
recipenlg:1428385	cuisine	mediterranean	north_african	Shrimp Scampi On Couscous
recipenlg:1428470	cuisine	caribbean	indian	French West Indian Grilled Snapper With Caper Sauce
recipenlg:1428509	course	side	main	Risotto With Mushrooms
recipenlg:1428585	cuisine	mediterranean	italian	Chickpea And Octopus Bruschetta
recipenlg:1428701	cuisine		chinese	Sweet And Sour Vegetable Escabeche
recipenlg:1428757	cuisine	indonesian_malaysian	thai	Beef Tenderloin With Aromatic Thai Spices
recipenlg:1428761	cuisine		caribbean	Cuban Pork Shoulder With Beans And Rice
recipenlg:1429230	cuisine	southern_us	german_central_eu	Chicken Goulash
recipenlg:1429422	cuisine		korean	Korean Cioppino
recipenlg:1429443	course	baking	side	Wild Rice Spoon Bread
recipenlg:1429497	cuisine	southern_us	italian	Chicken Focaccia Sandwiches
recipenlg:1429847	cuisine	italian	french	Zucchini And Onion Gratin
recipenlg:1430449	cuisine	vietnamese	thai	Pork Larb Lettuce Wrap
recipenlg:1430580	cuisine	french	japanese	Miso Clam Chowder With Parsley Oil
recipenlg:1431149	cuisine	mediterranean	british_irish	Fish And Chips
recipenlg:1431193	course	side	main	Spicy Collard Greens
recipenlg:1431269	course	baking	main	Sriracha Shrimp Rolls
recipenlg:1432147	cuisine		french	Crisp Latkes With Chicken Confit And Eggs
recipenlg:1432422	course	side	main	Mixed Greens With Smoked Ham, Black-Eyed Peas, And Roasted-Red-Pepper Dressing
recipenlg:1432478	cuisine		southern_us	Shrimp 'N' Grits Skewers
recipenlg:1432491	course	baking	breakfast	Saffron And Golden Raisin Breakfast Bread
recipenlg:1432654	cuisine	thai	chinese	Pineapple Fried Rice
recipenlg:1432720	course	baking	side	Herbed Polenta Spoon Bread
recipenlg:1433208	cuisine	american	southern_us	Cranberry Orange Cornbread With Orange "Butter"
recipenlg:1433741	course	snack	breakfast	Spicy Southwest Breakfast Omelet Egg Rolls
recipenlg:1434005	cuisine		indonesian_malaysian	Gado Gado Salad
recipenlg:1434106	course	baking	main	Pineapple Musubi Rolls
recipenlg:1434213	cuisine		french	Star Anise And Ginger Tuna Confit
recipenlg:1434222	cuisine	mediterranean	french	Tuna "Nicoise" Kabobs
recipenlg:1434283	cuisine	persian	italian	Pistachio Risotto With Saffron
recipenlg:1434283	course	side	main	Pistachio Risotto With Saffron
recipenlg:1434308	cuisine	caribbean	indian	Crostini With Jerk Shrimp And Pineapple Chutney
recipenlg:1434465	cuisine	spanish	north_african	Make-Ahead Shakshuka
recipenlg:1434868	cuisine	southern_us	french	Duck And Sausage Cassoulet
recipenlg:1435425	course	baking	main	Polish Cabbage Rolls (Golumpki)
recipenlg:1435444	cuisine	turkish	german_central_eu	Individual Apple Strudels
recipenlg:1435962	cuisine	spanish	italian	Lobster Risotto
recipenlg:1435962	course	side	main	Lobster Risotto
recipenlg:1436019	cuisine		indian	Indian Corn Pudding With Bacon And Chives
recipenlg:1436215	course	side	main	Summer Lemon-Vegetable Risotto
recipenlg:1436426	cuisine		thai	Thai Beef Salad
recipenlg:1436478	cuisine	filipino	indian	Pork Chops With Rhubarb Chutney
recipenlg:1436608	course	side	main	Garbanzo Beans And Greens
recipenlg:1436667	cuisine	greek	middle_eastern	Lamb Fattoush
recipenlg:1436842	course	baking	snack	Crisp Tofu, Shiitake, And Spinach Summer Rolls
recipenlg:1437268	cuisine	middle_eastern	indian	Grilled Eggplant Naan Wraps With Tahini-Yogurt Dressing
recipenlg:1437359	cuisine	italian	french	Ratatouille Bread Pudding
recipenlg:1437441	course	baking	snack	Tuna Summer Rolls
recipenlg:1437500	cuisine	caribbean	east_west_african	Senegalese Lemon Chicken
recipenlg:1437744	cuisine	american	southern_us	Cranberry Cornbread Stuffed Turkey Roulade
recipenlg:1437744	course	dessert	main	Cranberry Cornbread Stuffed Turkey Roulade
recipenlg:1437937	cuisine		north_african	Moroccan Flatbreads (R'Ghayef)
recipenlg:1438250	cuisine		chinese	Curried Fried Rice With Beef Jerky
recipenlg:1438264	cuisine		indonesian_malaysian	Chicken Satay
recipenlg:1438434	cuisine		mexican	Lobster And Corn Quesadillas
recipenlg:1438610	cuisine	mexican	latin_american	Corn And Poblano Empanadas
recipenlg:1438694	cuisine	filipino	chinese	Chicken Wonton Soup
recipenlg:1438807	cuisine	middle_eastern	turkish	Middle Eastern Kofta Kebabs With Lemon-Tahini Sauce
recipenlg:1439039	course	side	main	Barley Risotto With Wild Mushrooms
recipenlg:1439085	cuisine	caribbean	indian	Caribbean Mahimahi With Banana Chutney
recipenlg:1439123	cuisine	american	french	Potato Gratin With Baby Spinach, Turkey, And White Cheddar
recipenlg:1439171	course	baking	main	Ham-Asparagus Rolls
recipenlg:1439498	cuisine		southern_us	Pan-Fried Trout With Cornbread Salad
recipenlg:1440072	cuisine	thai	spanish	Thai Yellow Tomato Gazpacho
recipenlg:1440126	cuisine	mediterranean	north_african	Halibut With Olive And Bell Pepper Couscous
recipenlg:1440171	cuisine		french	Individual Peach-And-Almond Gratins
recipenlg:1440178	course	side	main	Roasted Pork And Autumn Vegetables
recipenlg:1440241	course	baking	main	Roast Beef Rolls
recipenlg:1440512	cuisine	filipino	caribbean	Cuban Pork And Black Bean Stew
recipenlg:1440606	cuisine		italian	Risotto With Snow Peas And Shrimp
recipenlg:1440606	course	side	main	Risotto With Snow Peas And Shrimp
recipenlg:1440608	cuisine	turkish	german_central_eu	Apple Strudel
recipenlg:1440711	cuisine	korean	japanese	Slow Cooker Ramen Bowls
recipenlg:1440783	course	side	main	Lemon Risotto With Peas, Tarragon, And Leeks
recipenlg:1440900	cuisine		turkish	Beef And Lamb Kofta Lettuce Wraps
recipenlg:1441216	course	side	main	Lemon-Sage Roasted Chicken And Vegetables
recipenlg:1441377	course	baking	main	Sicilian Swordfish Rolls (Involtini Di Pesce Spada)
recipenlg:1441404	cuisine		latin_american	Churrasco Misto
recipenlg:1441415	cuisine	german_central_eu	italian	Focaccia Reubens
recipenlg:1441471	course	baking	main	Lasagna Rolls
recipenlg:1441506	cuisine		french	Salad Nicoise
recipenlg:1442027	cuisine	vietnamese	mexican	Supercrunch Tofu Tacos
recipenlg:1442320	cuisine		japanese	Japanese-Style One-Pot Supper
recipenlg:1442335	cuisine	turkish	mexican	Grilled Banana-Walnut Quesadillas
recipenlg:1442336	cuisine	filipino	mexican	Chile-Rubbed Pork Tenderloin With Quick Mole Sauce
recipenlg:1442436	cuisine	spanish	italian	Clam Risotto With Bacon And Chives
recipenlg:1442436	course	side	main	Clam Risotto With Bacon And Chives
recipenlg:1442594	cuisine	mexican	latin_american	Zucchini Empanadas
recipenlg:1443254	course	baking	main	Prosciutto Chicken Rolls
recipenlg:1443319	cuisine		indian	Grilled Rosemary Beef With Tomato Chutney
recipenlg:1443390	cuisine	italian	french	Sausages With Ratatouille
recipenlg:1443507	cuisine		german_central_eu	Apple Strudel
recipenlg:1443556	cuisine		mexican	New England Lobster Roll Tacos
recipenlg:1444082	cuisine		italian	Caprese Ice Cream Sundaes
recipenlg:1444172	cuisine		french	Cassoulet White Beans
recipenlg:1444524	cuisine	latin_american	caribbean	Grilled Tri-Tip With Cuban Mojo Sauce
recipenlg:1444528	course	baking	snack	Shrimp And Mango Summer Rolls With Sweet And Spicy Dipping Sauce
recipenlg:1444597	cuisine		caribbean	Smoky Cubano Sandwiches
recipenlg:1444985	cuisine		chinese	Oyster Stuffing With Chestnuts And Chinese Sausage
recipenlg:1445006	cuisine	turkish	italian	Grilled-Fruit Bruschetta With Honey Mascarpone
recipenlg:1445017	cuisine	persian	german_central_eu	Scandinavian Rice Pudding With Toasted Almonds
recipenlg:1445145	cuisine	mediterranean	italian	Tomato-Caper Bruschetta
recipenlg:1445318	cuisine		mexican	Fajita Turkey Burgers
recipenlg:1445410	cuisine		italian	Asparagus Risotto With Crab And Orange Gremolada
recipenlg:1445410	course	side	main	Asparagus Risotto With Crab And Orange Gremolada
recipenlg:1445419	cuisine		north_african	Tunisian Potato Turnovers
recipenlg:1445420	course	baking	main	Steamed Sesame-Cod Cabbage Rolls
recipenlg:1445583	cuisine	italian	mexican	Sun-Dried Tomato Pesto Quesadillas
recipenlg:1445621	cuisine	thai	latin_american	Shrimp And Scallop Ceviche
recipenlg:1445754	cuisine		north_african	Egyptian Greens-And-Chicken Stew
recipenlg:1445771	cuisine		mexican	Beef And Salsa Fajitas
recipenlg:1445830	cuisine		mexican	Chipotle Pork Soft Tacos With Pineapple Salsa
recipenlg:1445843	cuisine		spanish	Avocado Gazpacho With Sourdough Croutons
recipenlg:1445987	cuisine		japanese	Tempura Crab Bites With Soy-Ginger Dipping Sauce
recipenlg:1445988	cuisine	spanish	italian	Risotto Alle Vongole (Risotto With Clams)
recipenlg:1445988	course	side	main	Risotto Alle Vongole (Risotto With Clams)
recipenlg:1446020	course	side	main	Grilled Chicken And Vegetables
recipenlg:1446031	course	side	main	Golden Chicken & Autumn Vegetables
recipenlg:1446184	cuisine		southern_us	Standard Bistro'S Shrimp And Grits
recipenlg:1446253	cuisine		thai	Thai Chicken And Coconut Soup With Noodles
recipenlg:1446374	cuisine	filipino	chinese	Slow-Cooker Sweet And Sour Pork
recipenlg:1446394	course	side	main	Mushroom-Brown Rice Risotto
recipenlg:1446417	cuisine	north_african	french	Crispy Chicken Leg Confit With Couscous And Olives
recipenlg:1446418	cuisine	chinese	japanese	Chicken Teriyaki Meatballs With Edamame And Snow Peas
recipenlg:1446576	cuisine	vietnamese	thai	Thai-Style Chicken In Lettuce Leaves
recipenlg:1446642	cuisine	vietnamese	thai	Thai Summer Rolls With Plum Sauce
recipenlg:1446642	course	baking	snack	Thai Summer Rolls With Plum Sauce
recipenlg:1446846	cuisine		british_irish	Oven-Fried Fish And Chips
recipenlg:1446995	course	side	main	Grilled Wild Salmon And Vegetables
recipenlg:1447058	course	baking	main	Asian Beef-Crepe Rolls
recipenlg:1447137	cuisine	mexican	french	Duck Confit Tacos
recipenlg:1447249	cuisine	turkish	indian	Baked Brie With Cranberry Chutney
recipenlg:1447581	cuisine	southern_us	french	Baked Seafood Au Gratin
recipenlg:1447926	cuisine		spanish	Grilled-Vegetable Gazpacho
recipenlg:1447963	cuisine		thai	Thai Beef Salad
recipenlg:1448255	cuisine		french	Drunken Mushroom Gratins
recipenlg:1448450	course	baking	main	Crab Salad Rolls With Ginger-Plum Sauce
recipenlg:1448524	cuisine		italian	Lamb Chops With Mint Risotto
recipenlg:1448565	cuisine	latin_american	caribbean	Moros Cuban
recipenlg:1448639	cuisine		caribbean	Cuban Pork Tenderloin
recipenlg:1448644	course	side	main	Grilled Parsleyed Shrimp And Vegetables
recipenlg:1448671	course	side	main	Sausage Risotto With Spinach And Tomatoes
recipenlg:1449106	cuisine	korean	japanese	Toyoshimas' Teriyaki Tri-Tip
recipenlg:1449356	cuisine	thai	indian	Indian Chicken Salad With Peanuts
recipenlg:1449975	cuisine	greek	french	Chicken Nicoise
recipenlg:1450081	course	side	main	Poached Chicken And Vegetables
recipenlg:1450196	course	baking	snack	Vietnamese-Style Summer Rolls
recipenlg:1450407	cuisine	caribbean	indian	Mahimahi With Pineapple Chutney
recipenlg:1450409	cuisine		north_african	Shakshuka
recipenlg:1450410	course	side	main	Barley Risotto Primavera
recipenlg:1450684	cuisine	southern_us	french	Stuffing À La Cassoulet
recipenlg:1450740	cuisine		british_irish	Orange, Almond, & Pomegranate Trifle
recipenlg:1450870	cuisine	southern_us	french	Faux Cassoulet
recipenlg:1450873	course	side	main	Roast Dijon Chicken And Vegetables
recipenlg:1451247	course	baking	main	Cabbage Rolls
recipenlg:1451305	course	baking	snack	Shrimp-And-Vegetable Summer Rolls
recipenlg:1451398	cuisine	filipino	mexican	Mole Pork
recipenlg:1451561	cuisine		indian	Bacon, Fennel And Apple Chutney
recipenlg:1451568	cuisine	southern_us	italian	Dirty Rice Risotto
recipenlg:1451568	course	side	main	Dirty Rice Risotto
recipenlg:1451946	cuisine	southern_us	french	Cassoulet With Bacon, Andouille, And Country Ribs
recipenlg:1452106	cuisine	mediterranean	greek	Fennel-Marinated Halibut With Fennel Tzatziki
recipenlg:1452375	cuisine	mediterranean	french	Steamed Fish With Ratatouille
recipenlg:1452424	cuisine		latin_american	Turkey Arepas
recipenlg:1452449	course	side	main	One-Pan Roasted Chicken And Root Vegetables
recipenlg:1452559	course	side	main	Grilled Steak And Summer Vegetables With Pesto
recipenlg:1452588	cuisine	vietnamese	chinese	Fried Rice With Sweet Soy Sauce
recipenlg:1452749	cuisine	north_african	middle_eastern	Shawarma Lamb With Couscous Salad
recipenlg:1452830	cuisine		french	Asiago, Potato, And Bacon Gratin
recipenlg:1453139	cuisine		german_central_eu	Transylvanian Goulash
recipenlg:1453311	course	dessert	main	Braised Turkey Roulade With Pancetta, Shallots, And Porcini Gravy
recipenlg:1453426	cuisine	greek	italian	Greek Shrimp And Asparagus Risotto
recipenlg:1453426	course	side	main	Greek Shrimp And Asparagus Risotto
recipenlg:1453488	cuisine		latin_american	Chimichurri Chicken And Rice
recipenlg:1453613	cuisine	filipino	caribbean	Cuban Black Beans
recipenlg:1453633	cuisine		british_irish	Vegetable Shepherd'S Pie
recipenlg:1453949	cuisine	turkish	persian	Persian Poached Pears
recipenlg:1454035	cuisine	thai	chinese	Sweet And Sour Shrimp Soup
recipenlg:1454291	cuisine	italian	french	White Bean Gratin
recipenlg:1454328	cuisine	greek	indian	Lamb Burgers With Cilantro Raita
recipenlg:1454342	cuisine		mexican	Tamales
recipenlg:1454369	cuisine	german_central_eu	southern_us	Cajun Pork Pie
recipenlg:1454559	cuisine		italian	Hands-Off Risotto With Zucchini
recipenlg:1454559	course	side	main	Hands-Off Risotto With Zucchini
recipenlg:1454577	cuisine	mediterranean	french	Grilled Ratatouille
recipenlg:1454920	cuisine		french	Grilled Tofu With Ratatouille Vegetables
recipenlg:1455000	cuisine	chinese	indonesian_malaysian	Malaysian Noodles With Crab And Sausage (Penang Char Kway Teow)
recipenlg:1455534	cuisine		latin_american	Empanadas Dulces
recipenlg:1455745	cuisine	korean	japanese	Miso-Marinated Flank Steak With Salad
recipenlg:1456310	course	dessert	main	Southwestern Soufflé Roll
recipenlg:1456517	course	side	main	Braised Bluefish And Spring Vegetables In Spiced Coconut Broth
recipenlg:1456936	cuisine	mediterranean	latin_american	Grilled Lamb Chops With Roasted Summer Squash And Chimichurri
recipenlg:1457074	cuisine		mexican	Chicken, Mustard Greens, And Gruyère Quesadillas
recipenlg:1457229	cuisine	vietnamese	chinese	Char Siu Over Sesame Noodles
recipenlg:1457304	cuisine		filipino	Black-Eyed Pea Cakes With Adobo Cream
recipenlg:1457336	course	baking	snack	Summer Rolls
recipenlg:1457345	cuisine	filipino	mexican	Chipotle Beef Tamales
recipenlg:1457528	cuisine	filipino	mexican	Spiced Chicken Tacos With Crispy Skins
recipenlg:1457557	cuisine	korean	french	Crosshatch Hot Dogs On Grilled Croissants
recipenlg:1457699	cuisine	german_central_eu	indian	Pork Loin With Apple-Cranberry Chutney
recipenlg:1457828	course	side	main	Bacon And Leek Risotto
recipenlg:1458114	course	side	main	Roast Salmon And Vegetables With Green Olive Vinaigrette
recipenlg:1458209	cuisine	mediterranean	east_west_african	Ethiopian Spiced Lamb Stew
recipenlg:1458264	cuisine		southern_us	Garden Harvest Jambalaya
recipenlg:1458307	cuisine		british_irish	Scottish Brew
recipenlg:1458417	cuisine		north_african	Spiced Mini Burgers With Couscous Salad
recipenlg:1458588	course	dessert	main	Chicken Roulade With Herbed Cheese And Prosciutto
recipenlg:1458768	cuisine		british_irish	Cranberry Scones
recipenlg:1458870	cuisine	middle_eastern	italian	Lemon-Mint Bulgur Risotto With Garlic Shrimp
recipenlg:1458870	course	side	main	Lemon-Mint Bulgur Risotto With Garlic Shrimp
recipenlg:1458983	cuisine		french	Ratatouille Pizza With Chicken
recipenlg:1459008	cuisine	spanish	filipino	Lemony Fried Shrimp Cocktail With Adobo Cocktail Sauce
recipenlg:1459020	cuisine		mexican	Sausage And Egg Burrito
recipenlg:1459086	cuisine		french	Potato Gratin With Baby Carrots And Asiago
recipenlg:1459280	cuisine	korean	chinese	Beef Fried Rice
recipenlg:1459399	cuisine	mediterranean	french	Grilled Ratatouille
recipenlg:1459474	cuisine	italian	french	Wild Mushroom-And-Sweet Potato Gratin
recipenlg:1459663	cuisine		mexican	Chimichurri Steak Tacos With Pickled Vegetables
recipenlg:1459820	cuisine		latin_american	Empanadas
recipenlg:1459908	course	baking	main	Curry Lobster Rolls
recipenlg:1460189	course	side	main	Champagne Risotto With Peppers And Asparagus
recipenlg:1460261	cuisine	filipino	mexican	Slow-Cooker Pork Loin Carnita Tacos With Chimichurri Sauce
recipenlg:1460571	course	baking	snack	Vietnamese Summer Rolls
recipenlg:1460589	cuisine	north_african	british_irish	Harvest Vegetable Shepherd'S Pie
recipenlg:1461025	cuisine	caribbean	indian	West Indian Vegetable Curry
recipenlg:1461326	cuisine	indonesian_malaysian	thai	Spicy Thai Chicken Kabobs
recipenlg:1461384	cuisine		chinese	Szechuan Burgers With Cilantro Slaw
recipenlg:1461516	cuisine	southern_us	mexican	Hot Tamale Pie
recipenlg:1461523	course	side	main	Roast Salmon And Vegetables With Barbecue Sauce
recipenlg:1461536	course	main	breakfast	Breakfast Turkey Sausage Patties
recipenlg:1461705	course	dessert	breakfast	Breakfast Pot Pie Is A Total Dream
recipenlg:1461823	course	baking	main	Shrimp Rolls
recipenlg:1461906	cuisine		latin_american	Grilled Chicken With Spicy Brazilian Tomato And Coconut Sauce
recipenlg:1461981	cuisine		french	Eggplant And Tomato Gratin
recipenlg:1462610	course	baking	side	Polenta Spoon Bread On Portabella Mushrooms
recipenlg:1462680	cuisine	latin_american	caribbean	Haitian Flounder
recipenlg:1462987	cuisine	german_central_eu	chinese	Pork Tenderloin With Sweet And Sour Cabbage
recipenlg:1463019	cuisine	vietnamese	indian	Tandoori Shrimp Spring Rolls With Pineapple Sauce
recipenlg:1463583	cuisine		japanese	Teriyaki Amberjack Skewers
recipenlg:1463727	cuisine	caribbean	mexican	Tropical Dessert Tacos
recipenlg:1463843	cuisine		italian	Easy Beef Osso Buco
recipenlg:1464163	cuisine		latin_american	Sweet Potato And Black Bean Empanadas
recipenlg:1464254	course	baking	main	Turkey-Basil Rolls
recipenlg:1464345	course	side	main	Stir-Fried Greens With Pork, Shiitakes, And Black Bean Sauce
recipenlg:1464708	cuisine	vietnamese	thai	Summer Rolls With Thai Dipping Sauce
recipenlg:1464708	course	baking	snack	Summer Rolls With Thai Dipping Sauce
recipenlg:1464775	cuisine		italian	Grilled Steak Panzanella With Pickled Vegetables
recipenlg:1465228	cuisine		british_irish	Herb-Crusted Roast Beef And Yorkshire Pudding With Red Wine Jus
recipenlg:1465790	cuisine		italian	Ode-To-Chèvre Bruschetta
recipenlg:1465855	cuisine	indonesian_malaysian	thai	Thai Braised Beef With Coconut Milk And Ginger
recipenlg:1465887	cuisine	mediterranean	north_african	Mediterranean Mahimahi In Parchment With Couscous
recipenlg:1465956	course	baking	snack	Barbecue-Peach Summer Rolls
recipenlg:1466081	cuisine		italian	Shrimp Bruschetta With Guacamole
recipenlg:1466086	cuisine	mediterranean	italian	Artichoke And Red Pepper Bruschetta
recipenlg:1466270	cuisine	greek	north_african	Moroccan Pork Kebabs
recipenlg:1466361	cuisine	korean	japanese	Teriyaki Steak Sandwich
recipenlg:1466386	cuisine		mexican	Chicken-Vegetable Quesadillas
recipenlg:1466606	cuisine		japanese	Miso Chicken With Brown Rice
recipenlg:1466689	cuisine	filipino	mexican	Slow Cooker Pulled Chicken Tacos
recipenlg:1466928	cuisine	vietnamese	japanese	Grilled Teriyaki Pork With Mango-Noodle Salad
recipenlg:1466939	course	dessert	snack	Salsa Cheesecake
recipenlg:1467506	cuisine		french	Chicken With Ratatouille
recipenlg:1467692	course	baking	main	Flounder Rolls With Cherry Tomatoes And Spinach
recipenlg:1467720	cuisine	filipino	mexican	Sizzling Chicken Fajitas
recipenlg:1467862	cuisine	indonesian_malaysian	indian	Tandoori Roasted Pork Tenderloin
recipenlg:1468046	cuisine		japanese	Teriyaki Chicken Drumsticks With Tropical Fruit Salad
recipenlg:1468074	cuisine	filipino	mexican	Slow Cooker Turkey Mole
recipenlg:1468138	cuisine	north_african	french	Spiced Lamb Loin With Grilled Ratatouille
recipenlg:1468165	cuisine		thai	Thai Spring Beef Stir-Fry
recipenlg:1468395	cuisine	caribbean	spanish	Sangria Roast Pork
recipenlg:1468564	cuisine		latin_american	Brazilian Grilled Steak Salad
recipenlg:1468638	cuisine	mediterranean	north_african	Mediterranean Chicken Couscous
recipenlg:1469202	course	dessert	main	Apple And Rosemary Pork Roulade
recipenlg:1469719	course	dessert	main	Pork Roulade With Lemon And Sage
recipenlg:1470115	cuisine	italian	indian	Naan Pizzas With Broccoli Pesto And Arugula Salad
recipenlg:1470235	course	side	main	Chargrilled Vegetables
recipenlg:1470241	cuisine	latin_american	mexican	Chimichurri Halibut Tacos
recipenlg:1470448	cuisine	german_central_eu	british_irish	Shepherd'S Pie
recipenlg:1470471	course	side	main	Roasted Chicken And Vegetables
recipenlg:1470850	cuisine		north_african	Lemony Roasted Salmon With White Wine Couscous
recipenlg:1470936	cuisine		persian	Persian Chicken Salad
recipenlg:1471109	course	side	main	Cavatappi With Bacon And Summer Vegetables
recipenlg:1471155	cuisine	mediterranean	greek	Greek Shrimp With White Beans, Tomato Sauce, And Feta
recipenlg:1471279	cuisine		japanese	Asian Primavera With Udon Noodles
recipenlg:1471310	cuisine	southern_us	french	Vegetable Crab Cake Au Gratin
recipenlg:1471342	course	baking	snack	Basil Summer Rolls With Peanut Dipping Sauce
recipenlg:1471424	cuisine		chinese	Southeast Asian Fried Rice
recipenlg:1471815	cuisine		italian	Risotto With Shrimp And Asparagus
recipenlg:1471815	course	side	main	Risotto With Shrimp And Asparagus
recipenlg:1472151	cuisine		thai	Thai Beef Salad
recipenlg:1472419	cuisine	korean	japanese	Beef Teriyaki Skewers
recipenlg:1472638	cuisine		french	Snapper-Vegetable Gratin
recipenlg:1472844	cuisine	italian	french	Linguine With Ratatouille Sauce
recipenlg:1473745	cuisine	mediterranean	north_african	Swordfish With Vegetable Couscous And Tomato Vinaigrette
recipenlg:1474029	cuisine		thai	Thai Barbecue Beef Salad
recipenlg:1474137	course	baking	breakfast	Sweet Dreams Are Made Of Breakfast Monkey Bread
recipenlg:1474286	course	main	breakfast	Christmas Breakfast Casserole
recipenlg:1474579	course	baking	snack	Shrimp And Vegetable Summer Rolls
recipenlg:1474828	cuisine	mediterranean	italian	Focaccia With Onions, Fresh Herbs, And Feta
recipenlg:1475060	course	dessert	baking	Blueberry Cobbler Roll
recipenlg:1475334	cuisine		italian	Crown Roast Of Lamb With Wild Rice-Risotto Stuffing
recipenlg:1475339	cuisine	german_central_eu	french	Turkey Sausage, Mushroom, And Potato Gratin
recipenlg:1475356	cuisine		french	Cassoulet
recipenlg:1475521	course	baking	main	Stuffed Cabbage Rolls
recipenlg:1475665	course	baking	snack	Shrimp Summer Rolls With Sesame-Soy Dipping Sauce
recipenlg:1475879	course	baking	snack	Turkey, Bacon, And Avocado Summer Rolls
recipenlg:1476038	course	side	main	Spicy Chicken And Vegetables
recipenlg:1476231	cuisine		italian	Minestrone With Sole
recipenlg:1476646	cuisine	thai	indonesian_malaysian	Gado Gado Recipe
recipenlg:1476656	cuisine	thai	chinese	'The Food Matters Cookbook': Spicy Fried Rice With Bean Sprouts, Chicken, And Peanuts Recipe
recipenlg:1476756	course	baking	side	Cook The Book: Bayona Extra-Cheesy Spoon Bread
recipenlg:1477148	cuisine		spanish	Mexican-Style Gazpacho With Grilled Shrimp Recipe
recipenlg:1477202	cuisine		indian	Indian Pudding Recipe
recipenlg:1477339	cuisine	german_central_eu	italian	The Occasional Vegetarian'S Cabbage And Mushroom 'Lasagna'
recipenlg:1477361	course	baking	main	Blt Maki Rolls
recipenlg:1477362	cuisine	vietnamese	thai	Pork In Spicy Dressing With Iced Broccoli Stems (Mu Manao) From 'Simple Thai Food'
recipenlg:1477364	cuisine		italian	Grilled Panzanella Salad Recipe
recipenlg:1477728	cuisine		french	Dinner Tonight: Chinese-Style Ratatouille Recipe
recipenlg:1477876	cuisine		mexican	Cilantro-And-Lime Marinated Chicken Fajita Kebabs Recipe
recipenlg:1478219	course	side	main	Classic Pot-Au-Feu (French Boiled Beef And Vegetables) Recipe
recipenlg:1478255	course	baking	main	Smoky, Spicy Cabbage Rolls Recipe
recipenlg:1478291	course	baking	snack	Cook The Book: Shrimp And Mint Summer Rolls
recipenlg:1478393	cuisine		southern_us	Bacon-Wrapped Turkey Breast With Cornbread Stuffing Recipe
recipenlg:1479093	cuisine	middle_eastern	north_african	Lablabi (Tunisian Chickpea Soup) From 'The Heart Of The Plate'
recipenlg:1479129	cuisine	caribbean	mexican	Jamaican Beef Tacos With Tropical Slaw Recipe
recipenlg:1479427	cuisine	thai	chinese	Thai-Style Fried Rice Recipe
recipenlg:1479835	course	baking	main	Cook The Book: Beef Tenderloin With Horseradish And Watercress Rolls
recipenlg:1480159	cuisine	filipino	mexican	Dinner Tonight: Chicken Breasts In Ginger Mole (Mole De Jengibre Con Pechugas De Pollo) Recipe
recipenlg:1480264	cuisine	italian	spanish	Mushroom And Crushed Egg Tapas (Tapas De Setas Con Huevo) Recipe
recipenlg:1480615	cuisine	filipino	mexican	Tacos Árabes (Pita-Wrapped, Cumin-Marinated-Pork Tacos) Recipe
recipenlg:1480624	cuisine		french	Sunday Brunch: Bacon, Leek, And Tomato Quiche Recipe
recipenlg:1480845	cuisine		french	Cook The Book: Pork And Citrus Fruit With Ratatouille
recipenlg:1480870	course	baking	main	Cook The Book: Grilled Wild Salmon Sushi Rolls
recipenlg:1480953	cuisine	middle_eastern	turkish	Lahmacun From 'The World'S Best Spicy Food'
recipenlg:1481145	cuisine	turkish	north_african	Moroccan Almond Phyllo Pastries (A Take On M'Hanncha) Recipe
recipenlg:1481381	cuisine		japanese	Tiki-Style Beef Teriyaki Skewers Recipe
recipenlg:1481384	course	baking	main	Cook The Book: Classic Maine Lobster Rolls
recipenlg:1481419	cuisine	korean	thai	Crisp And Chewy Thai Fried Chive Cakes (Kanom Gui Chai) Recipe
recipenlg:1482095	cuisine	vietnamese	thai	Grilling: Thai Beef Rolls With Sweet Chili Sauce Recipe
recipenlg:1482319	cuisine	turkish	greek	Greek Lemon Sesame Biscotti (Paximathakia Portokaliou) Recipe
recipenlg:1482437	cuisine	vietnamese	thai	Cook The Book: Thai Beef Salad
recipenlg:1482489	cuisine	filipino	mexican	Cook The Book: Goat Mole Rojo
recipenlg:1482541	cuisine	spanish	italian	Cook The Book: Gazpacho Risotto With Garlic Shrimp
recipenlg:1482904	cuisine		italian	Concord Grape And Rosemary Focaccia
recipenlg:1482922	cuisine		italian	Eat For Eight Bucks: Minestrone Recipe
recipenlg:1483036	cuisine	italian	french	Collard Green And White Bean Gratin
recipenlg:1483105	cuisine		thai	Cook The Book: Thai Chicken Karaage
recipenlg:1483288	cuisine	vietnamese	chinese	Shrimp Fried Rice With Nam Prik Pao And Crispy Lemongrass Recipe
recipenlg:1483560	cuisine		greek	Skillet Ground Lamb With Asparagus, Peas, And Tzatziki Sauce Recipe
recipenlg:1483643	cuisine	vietnamese	indian	Grilled-Pork Sandwiches With Grilled-Plum Chutney And Cabbage Slaw Recipe
recipenlg:1483651	cuisine	turkish	greek	Greek Yogurt Cake
recipenlg:1483665	cuisine		chinese	Dumplings With Sichuan Peppercorns And Spicy Tomato Sauce Recipe
recipenlg:1483761	cuisine	filipino	chinese	Slow-Cooker Filipino Pork With Garlic Fried Rice Recipe
recipenlg:1483969	course	side	main	Pressure Cooker Pot-Au-Feu (French Boiled Beef And Vegetables) Recipe
recipenlg:1483982	cuisine	vietnamese	japanese	Pickled Japanese Turnips With Shiso From 'Little Jars, Big Flavors'
recipenlg:1484140	cuisine	north_african	french	French In A Flash: Spicy Summertime Ratatouille With Mint Recipe
recipenlg:1484249	course	side	main	Essentials: Collard Greens Recipe
recipenlg:1484412	cuisine		italian	Roasted Chicken With Tomato-Mint Panzanella Recipe
recipenlg:1484503	cuisine	thai	japanese	Tom Kha Udon Soup With Mushrooms Recipe
recipenlg:1484768	cuisine	mexican	indian	Poppadums With Chile-Spiked Onion And Avocado Pomegranate Dip From 'Indian Cooking Unfolded'
recipenlg:1485060	cuisine	latin_american	mexican	Tamales De Queso (Cheese Tamales) From Ceviche: Peruvian Kitchen
recipenlg:1485212	cuisine	southern_us	british_irish	President Obama Stew (Chicken Casserole) From 'My Irish Table'
recipenlg:1485238	course	baking	main	'My Father'S Daughter': Gwyneth Paltrow'S Grilled Tuna Rolls Recipe
recipenlg:1485536	cuisine	latin_american	mexican	Grilled Whole Fish With Molho À Campanha (Brazilian Pico De Gallo) Recipe
recipenlg:1485567	cuisine	korean	chinese	Sriracha And Spam Fried Rice
recipenlg:1485831	cuisine	thai	chinese	Peanut Chicken And Chinese Egg Noodles With Baby Bok Choy And Baby Corn Recipe
recipenlg:1485844	cuisine		mexican	Dinner Tonight: Huasteca-Style Chicken In Mole Recipe
recipenlg:1486107	cuisine		east_west_african	Grilled Berbere-Spiced Lamb Chops With Cucumber-Lentil Salad Recipe
recipenlg:1486181	course	dessert	breakfast	Winter'S Bounty Breakfast Cake Recipe
recipenlg:1486263	cuisine		north_african	Fresh Chili Harissa Recipe
recipenlg:1486561	cuisine		french	Meat Lite: Moderately Meaty Cassoulet Recipe
recipenlg:1486562	cuisine	southern_us	french	Cassoulet Recipe
recipenlg:1486564	cuisine		french	Cassoulet Recipe
recipenlg:1486670	cuisine		italian	Risotto With Southern Greens And Bacon Recipe
recipenlg:1486670	course	side	main	Risotto With Southern Greens And Bacon Recipe
recipenlg:1486712	cuisine	filipino	mexican	Eat For Eight Bucks: Easy Slow-Cooker Pork Tacos With Red Cabbage Crunch And Avocado Recipe
recipenlg:1486780	cuisine		thai	Thai-Style Marinated Flank Steak And Herb Salad Recipe
recipenlg:1486793	course	baking	snack	Vietnamese Grilled Shrimp Summer Rolls Recipe
recipenlg:1486964	course	side	main	Spring Vegetable Risotto With Asparagus, Zucchini, Fava Beans, Snap Peas, And Morels Recipe
recipenlg:1487088	cuisine	middle_eastern	north_african	Snap Pea Salad With Mint And Tahini-Harissa Dressing Recipe
recipenlg:1487095	cuisine	korean	japanese	Japanese-Style Fried Chicken Thighs (Gluten-Free Karaage) Recipe
recipenlg:1487131	cuisine		japanese	Chashu Pork (Marinated Braised Pork Belly For Tonkotsu Ramen) Recipe
recipenlg:1487147	cuisine	thai	chinese	Fried Rice With Blistered Green Beans And Basil Recipe
recipenlg:1487519	cuisine	vietnamese	thai	Larb Muang Moo (Northern Thai-Style Chopped Pork Salad) Recipe
recipenlg:1487564	cuisine	filipino	latin_american	The Nasty Bits: Stomach-Stuffed Arepas Recipe
recipenlg:1487664	cuisine	vietnamese	thai	Pig'S Ear Larb Recipe
recipenlg:1487687	cuisine		italian	Sweet Rosemary And Grape Focaccia Recipe
recipenlg:1487702	cuisine	filipino	caribbean	Cuban Fritas (Seasoned Cheeseburgers With Shoestring Potatoes And Spicy Sauce) Recipe
recipenlg:1487820	cuisine	vietnamese	chinese	Sichuan Roast Leg Of Lamb With Celery-Mint Salad Recipe
recipenlg:1487860	cuisine		vietnamese	Italian Seafood-Salad Pasta Salad With Vietnamese Noodles Recipe
recipenlg:1487898	cuisine	vietnamese	thai	Thai-Inspired Slow-Roasted Pork Shoulder Feast Recipe
recipenlg:1487935	cuisine		spanish	Dinner Tonight: Alice Waters' Gazpacho Recipe
recipenlg:1487959	cuisine	thai	chinese	Andy Ricker'S Phat Thai (Stir-Fried Rice Noodles With Shrimp, Tofu, And Peanuts)
recipenlg:1487997	cuisine	indian	chinese	Classic Cookbooks: Madhur Jaffrey'S Cauliflower With Ginger And Chinese Parsley Recipe
recipenlg:1488037	course	baking	side	Sweet Potato Spoon Bread Recipe
recipenlg:1488050	cuisine	indian	british_irish	Kedgeree (British Curried Rice With Smoked Haddock) Recipe
recipenlg:1488176	cuisine		spanish	Grilling: Gazpacho Recipe
recipenlg:1488271	cuisine	turkish	greek	Greek Yogurt Panna Cotta With Granola Streusel Recipe
recipenlg:1488291	cuisine	filipino	latin_american	Peruvian-Style Grilled Chicken With Green Sauce Recipe
recipenlg:1488359	cuisine		korean	Cook The Book: Quick Kimchi
recipenlg:1488507	cuisine		french	Dinner Tonight: Pisto Manchego (Spanish Ratatouille) Recipe
recipenlg:1488508	cuisine	mediterranean	french	Bobby Flay'S Grilled Ratatouille Recipe
recipenlg:1488509	cuisine		french	Dinner Tonight: Seasonal Ratatouille Recipe
recipenlg:1488512	cuisine	mediterranean	french	Eat For Eight Bucks: Ratatouille And Chickpeas Recipe
recipenlg:1488513	cuisine		french	The Crisper Whisperer: Ratatouille In Buckwheat Crepes Recipe
recipenlg:1488516	cuisine	mexican	french	Ratatouille Tacos Recipe
recipenlg:1488517	cuisine	mediterranean	french	Grilled Ratatouille Recipe
recipenlg:1488519	cuisine		french	Ratatouille With Fried Eggs Recipe
recipenlg:1488523	course	baking	main	Bratwurst-Stuffed Cabbage Rolls With Smoky Bacon-Tomato Sauce Recipe
recipenlg:1488553	course	baking	snack	Summer Rolls With Jicama, Watermelon, And Herbs Recipe
recipenlg:1488567	cuisine	mediterranean	french	Provençal Ratatouille Recipe
recipenlg:1488613	cuisine		latin_american	Grilled Summer Squash With Chimichurri Recipe
recipenlg:1488680	cuisine	thai	north_african	Cook The Book: Spicy Coconut Curry Steamed Mussels With Mango Couscous
recipenlg:1488725	cuisine		latin_american	Grilled Lemon-Garlic Chicken And Tomato Kebabs With Basil Chimichurri Recipe
recipenlg:1488736	cuisine	thai	chinese	Thai-Style Crab Fried Rice Recipe
recipenlg:1488995	cuisine	turkish	middle_eastern	Smoky Lamb Meatballs With Almond-Butter Baba Ganoush Recipe
recipenlg:1522350	cuisine	turkish	indian	Beef Triangles & Chutney Dip
recipenlg:1524106	cuisine	turkish	german_central_eu	Hazelnut Apricot Strudel
recipenlg:1526814	cuisine	turkish	persian	Persian Poached Pears
recipenlg:1531309	course	baking	snack	Rice Paper Rolls
recipenlg:1533964	course	side	main	Grilled Pineapple Pork & Vegetables
recipenlg:1537910	cuisine	turkish	italian	Orange-Cumin Focaccia
recipenlg:1593005	cuisine	fusion_other	japanese	Dessert Sushi With Tropical Fruits And Caramel Sauce
recipenlg:1603332	course	dessert	breakfast	Quinoa Breakfast Cookies
recipenlg:1608437	cuisine	persian	french	Pumkin Gratin With Coral Lentil Purre With Saffron
recipenlg:1643637	course	dessert	main	Shrimp Roulade with Tequila Lime Relish
recipenlg:1645088	course	dessert	main	Sicilian-Style Stuffed Beef Roulade
recipenlg:1645467	cuisine	southern_us	french	Cassoulet with Bacon, Andouille and Country Ribs
recipenlg:1645647	course	dessert	snack	Crab and Wild Mushroom Cheesecake
recipenlg:1645737	cuisine	italian	mexican	Italian Quesadillas
recipenlg:1646073	course	baking	snack	Shrimp and Chicken Summer Rolls
recipenlg:1646403	cuisine	mediterranean	italian	Grilled Tuna and Roasted Pepper Sandwiches on Thyme Focaccia
recipenlg:1646683	cuisine	vietnamese	thai	Thai Noodle-Steak Salad
recipenlg:1647435	cuisine	vietnamese	korean	Kimchi, My Way
recipenlg:1651412	cuisine		chinese	Sweet and Sour Bangkok-Style Chicken with Chiles
recipenlg:1651618	cuisine		french	Rosemary Ratatouille Frittata
recipenlg:1652049	cuisine		indian	Butternut Squash Soup with Green Chili Coriander Chutney
recipenlg:1652128	cuisine		north_african	Grilled Cumin-Lamb Pitas with Couscous and Yogurt
recipenlg:1652459	cuisine	mediterranean	french	Salade Nicoise
recipenlg:1652903	cuisine		indian	Grilled Tandoori-Spiced Chicken Breasts Over Mesclun Salad
recipenlg:1653470	cuisine	spanish	italian	Moira Hodgson's Shrimp Risotto
recipenlg:1653470	course	side	main	Moira Hodgson's Shrimp Risotto
recipenlg:1653600	cuisine		north_african	Curried Vegetables with Couscous
recipenlg:1653610	cuisine	german_central_eu	italian	Bruschetta With Cabbage Braised in Wine
recipenlg:1653633	cuisine	north_african	french	Roast Sea Bass with Herbs and Onion Confit
recipenlg:1654003	cuisine		french	Provencal Tomato and Squash Gratin
recipenlg:1654714	cuisine	korean	japanese	Japanese-Inspired Pot Roast
recipenlg:1654870	cuisine		latin_american	Fish Skewers with Basil Chimichurri
recipenlg:1655131	cuisine	filipino	mexican	Pork Tamales
recipenlg:1655184	cuisine		french	Artichoke Confit with Almonds, Manila Clams, and Vermouth
recipenlg:1655291	course	baking	main	Pork Rolls with Sun- Dried Tomatoes and Prosciutto
recipenlg:1656516	cuisine		japanese	Japanese Fruitcake
recipenlg:1657945	cuisine	southern_us	french	Whole-Duck Cassoulet
recipenlg:1658533	cuisine	indonesian_malaysian	north_african	Spiced Moroccan-Style Shrimp
recipenlg:1658835	cuisine	caribbean	japanese	Conch Tempura Roll with Dirty Fried Rice and Goat Pepper Aioli
recipenlg:1658835	course	snack	main	Conch Tempura Roll with Dirty Fried Rice and Goat Pepper Aioli
recipenlg:1659372	cuisine	filipino	caribbean	Cumin-Rubbed Cuban Porchetta
recipenlg:1660004	cuisine	vietnamese	korean	Chile-Ginger Grilled Tuna, with Korean-style Salad
recipenlg:1660723	cuisine	german_central_eu	british_irish	Shepherd's Pie
recipenlg:1660798	cuisine	filipino	mexican	Red Mole
recipenlg:1661000	cuisine		german_central_eu	Popeye's Fresh Spinach and Goat Cheese Strudels
recipenlg:1661158	cuisine	thai	chinese	Stir-Fried Szechuan Prawns with Bean Sprouts, Peppers and Gai Lan
recipenlg:1661785	cuisine		french	Cassoulet with Fresh Beans
recipenlg:1661898	cuisine	turkish	german_central_eu	Sour Cherry Strudel
recipenlg:1662286	cuisine		italian	Focaccia with Chere and Green Onions
recipenlg:1662498	cuisine		chinese	Asian-Style Shrimp and Pineapple Fried Rice
recipenlg:1663383	course	baking	main	Nye's Polonaise Room Cabbage Rolls
recipenlg:1663443	cuisine		british_irish	Warm Yam Scones
recipenlg:1664090	cuisine	mediterranean	italian	Trout Bruschetta With Chili Vinaigrette
recipenlg:1665627	cuisine		thai	Thai Stone Crab Tostadas
recipenlg:1665831	cuisine	vietnamese	mexican	Shrimp Tacos With Mango Slaw
recipenlg:1666556	course	baking	main	Sole Rolls with Spinach and Lemon Slices
recipenlg:1666948	cuisine	mediterranean	north_african	Sauteed Shrimp with Lemon-Parsley Spread and Couscous
recipenlg:1668040	cuisine	mediterranean	french	Ratatouille Dip
recipenlg:1668395	course	side	main	Spinach and Artichoke Risotto
recipenlg:1669293	course	baking	main	Jasper White's Lobster-Stuffed Cabbage Rolls
recipenlg:1670244	cuisine	italian	mexican	Heirloom Tomato Tacos
recipenlg:1670282	cuisine		north_african	Couscous Mango Mousse
recipenlg:1670846	cuisine		french	Salmon Salade Nicoise
recipenlg:1673329	cuisine		italian	Caramelized-Onion and Potato Focaccia
recipenlg:1674219	cuisine	latin_american	mexican	Red Bell Pepper and Coriander Pancakes with Guacamole
recipenlg:1674927	cuisine	mediterranean	north_african	Mediterranean Couscous Salad
recipenlg:1675180	course	baking	snack	Online Round 2 Recipe - Summer Rolls
recipenlg:1675363	cuisine	vietnamese	thai	Thai Lettuce Wraps
recipenlg:1675422	cuisine	filipino	caribbean	Cuban-Style Pork Chops
recipenlg:1675459	cuisine		german_central_eu	Caramelized Brazil-Nut Strudel
recipenlg:1675624	cuisine		indian	Grilled Striped Bass with Indian-Spiced Tomato Salad
recipenlg:1676098	cuisine	mediterranean	french	Salade Nicoise With Fresh Tuna
recipenlg:1676136	course	baking	main	Shrimp Rice-Paper Rolls with Vietnamese Dipping Sauce
recipenlg:1677221	cuisine	caribbean	southern_us	Island Inspired Seafood Gumbo with Coconut Milk
recipenlg:1677522	cuisine		thai	Thai Eggplant Sandwich
recipenlg:1678411	cuisine		thai	Thai Bbq Chicken
recipenlg:1678683	course	baking	main	Veal Rolls With Herbed Farmer Cheese
recipenlg:1679328	cuisine		french	Ratatouille Taco Towers
recipenlg:1679353	cuisine	greek	french	Provencal Leg Of Lamb With Potato Gratin
recipenlg:1680936	cuisine	latin_american	mexican	Skirt Steak Fajita Pita with Chimichurri
recipenlg:1681401	course	baking	side	Bayona Extra-cheesy Spoon Bread
recipenlg:1682005	cuisine	filipino	latin_american	Peruvian Stewed Chicken
recipenlg:1682338	cuisine	vietnamese	middle_eastern	Tabbouleh with Tofu
recipenlg:1682793	cuisine		mexican	Pumpkin Tamale Pie
recipenlg:1683260	cuisine	turkish	italian	Sweet Whole Wheat Focaccia with Pears and Walnuts
recipenlg:1683328	cuisine		greek	Greek-Style Fava Beans and Tomatoes
recipenlg:1683754	course	side	main	Sea Scallops and Minced Vegetables with Parsley Pesto and Garlic Broth
recipenlg:1686130	course	side	main	Prosciutto and Goat Cheese Timbales with Mixed Greens
recipenlg:1686164	cuisine	chinese	french	Grilled Asian Ratatouille
recipenlg:1686266	cuisine	southern_us	chinese	Creole Chicken and Ham Fried Rice
recipenlg:1686463	cuisine		french	Croissant French Toast Stuffed With Grilled Peaches
recipenlg:1686587	cuisine	north_african	indian	Charred Lamb and Eggplant With Date-Yogurt Chutney
recipenlg:1687216	cuisine	mediterranean	middle_eastern	Farro Tabbouleh with Burst Tomatoes
recipenlg:1687230	course	baking	main	Braised Veal Rolls in Tomato Sauce (Braciole di Vitello)
recipenlg:1687325	cuisine	caribbean	italian	Braised Veal Cheeks with Coconut Risotto
recipenlg:1689341	cuisine		british_irish	Shepherd's Pie
recipenlg:1689731	cuisine	mediterranean	italian	Miniature Olive Focaccias with Marinated Peppers
recipenlg:1692140	cuisine		french	Speedy Ratatouille with Goat Cheese
recipenlg:1692617	course	side	baking	Fresh Vegetable Salad Roll Wrapped in Egg Lace Crepe
recipenlg:1694580	cuisine		japanese	Udon Noodle Salad with Grilled Chicken and Coriander Dressing
recipenlg:1694699	cuisine	german_central_eu	british_irish	Turkey Shepherd's Pie with Two-Potato Topping
recipenlg:1695379	cuisine		japanese	Teriyaki Ground-Turkey Skewers
recipenlg:1695462	cuisine	middle_eastern	north_african	Middle Eastern Couscous Salad with Feta and Mint
recipenlg:1696081	course	side	main	Bacon-Wilted Greens with Warm Pecan-Crusted Goat Cheese
recipenlg:1696380	cuisine	southern_us	french	Ad-Lib Turkey Cassoulet
recipenlg:1696389	course	side	main	Lemon Risotto with Summer Squash
recipenlg:1696786	cuisine		french	Crispy Sea Bass with Confit of Yukon Gold Potatoes, Pancetta and Fresh Sweet Peas
recipenlg:1696933	cuisine	caribbean	vietnamese	Jerk Chicken Banh Mi with Daikon Pickles
recipenlg:1698261	cuisine		french	Roasted Salmon Nicoise Platter
recipenlg:1699099	cuisine	turkish	greek	Uskumru Dolmasu
recipenlg:1699167	cuisine	middle_eastern	chinese	Garlic Hummus with Spicy Wonton Triangles
recipenlg:1699848	cuisine		vietnamese	Vegetarian Pho With Asparagus and Noodles
recipenlg:1699916	cuisine		thai	Thai Beef Salad
recipenlg:1700111	cuisine	mediterranean	french	Herbed Lemon Confit
recipenlg:1700577	cuisine		italian	Molly O'Neill's Summer Minestrone
recipenlg:1701713	cuisine	italian	french	Ratatouille Toasts with Fried Eggs
recipenlg:1702156	cuisine		french	Mediterranean Mixed Vegetable Gratin
recipenlg:1703341	course	dessert	main	Turkey Roulade with Cranberry-Apricot Stuffing
recipenlg:1703451	cuisine	filipino	mexican	Smoky Peanut Mole with Grilled Quail (Codornices Asadas en Mole de Cacahuate)
recipenlg:1705223	cuisine	caribbean	east_west_african	Thiebou Dienn Sous Verre (Senegalese Rice and Fish Stew)
recipenlg:1705739	course	dessert	main	Oven-Roasted Turkey Roulade
recipenlg:1705860	course	dessert	breakfast	Blueberry Almond Breakfast Tart
recipenlg:1706058	cuisine	mediterranean	french	The Ultimate Ratatouille
recipenlg:1706445	course	baking	main	Lemongrass Beef Rolls with Rice Noodles
recipenlg:1706526	cuisine	italian	french	Chicken Cassoulet with Crisp Bread Crumb Topping
recipenlg:1709093	cuisine		french	Vegetables au Gratin
recipenlg:1709222	course	baking	snack	Chicken Summer Rolls
recipenlg:1710669	cuisine		french	Garden Vegetable Gratin
recipenlg:1711114	course	dessert	main	Chicken and Vegetable Cobbler
recipenlg:1712385	course	side	main	Braised Spareribs with Cabbage, Root Vegetables, and Caraway
recipenlg:1712631	cuisine		italian	Roasted Vegetable Bruschetta
recipenlg:1713750	cuisine	greek	french	Low-Fat Ratatouille
recipenlg:1714494	cuisine	spanish	north_african	Couscous With Mussels and Shrimp
recipenlg:1715573	cuisine		french	Coq au Vin with Coconut Milk
recipenlg:1716254	cuisine		north_african	Couscous Fritters with Fresh Corn and Tomato Salsa
recipenlg:1716461	cuisine	mediterranean	french	Northwest Nicoise
recipenlg:1717469	course	baking	snack	Asian Summer Rolls
recipenlg:1717483	cuisine		french	Salmon Nicoise and Olive Dressing
recipenlg:1718089	cuisine		french	Pasta Shells with Halibut and Oven-Roasted Ratatouille
recipenlg:1718681	cuisine		north_african	Peel-and-Eat Grilled Shrimp with Harissa
recipenlg:1719498	cuisine	latin_american	indian	Scallop Rosettes with Avocado and Creamed Tandoori Chayote
recipenlg:1719572	cuisine	north_african	middle_eastern	Grilled Spanish Mackerel with Cauliflower "Tabbouleh"
recipenlg:1719797	cuisine	italian	north_african	Cavatelli with Roasted Broccoli Rabe and Harissa
recipenlg:1719820	cuisine	italian	french	Creamy Butternut Squash, Potato, and Tomato Gratin
recipenlg:1720805	cuisine		mexican	Lobster Enchiladas with Spicy Zucchini Sauce
recipenlg:1720923	cuisine		french	Ratatouille
recipenlg:1721182	cuisine	mediterranean	french	Grilled Vegetable Ratatouille
recipenlg:1721355	cuisine	caribbean	indian	Coconut-Beer Battered Shrimp with Mango-Orange Chutney
recipenlg:1721651	cuisine	latin_american	caribbean	Cuban Black Beans
recipenlg:1722184	cuisine		latin_american	Argentinian Beef
recipenlg:1722449	cuisine		north_african	Pineapple and Banana Couscous Pudding
recipenlg:1724394	course	dessert	main	Roasted Chicken Roulade with American Triple Cream and Georgia Ham
recipenlg:1725842	cuisine	middle_eastern	spanish	Eggplant Gazpacho
recipenlg:1725999	cuisine	italian	french	Potato and Portobello Mushroom Gratin
recipenlg:1726044	cuisine		french	Garlic Potato Gratin
recipenlg:1727071	cuisine	french	british_irish	Vegetarian Shepherd's Pie
recipenlg:1728768	course	side	main	Shrimp Risotto
recipenlg:1728919	course	baking	main	Cabbage Rolls
recipenlg:1729234	course	baking	main	Roast Beef and Couscous Rolls
recipenlg:1731526	cuisine	turkish	latin_american	Chimichurri Seekh Kabab
recipenlg:1731535	cuisine		italian	Whole Wheat Focaccia with Cherry Tomatoes and Olives
recipenlg:1732945	course	baking	snack	Crab-and-Perilla Summer Rolls
recipenlg:1733385	cuisine		italian	Classic Panzanella
recipenlg:1733773	cuisine		indian	Grilled Shrimp Skewers with Cilantro-Mint Chutney
recipenlg:1734450	course	dessert	main	Veal Roulade with Crabmeat, Mushroom and Spinach Stuffing and Perigourdine Sauce
recipenlg:1735301	cuisine		north_african	Vegetable Couscous "En Crepinette"
recipenlg:1736043	course	main	breakfast	Chicken-Apple-Fennel Breakfast Sausage
recipenlg:1736082	cuisine	italian	french	Ratatouille Pasta
recipenlg:1736651	course	baking	main	Spicy Tuna Hand Rolls
recipenlg:1736924	cuisine	thai	chinese	Thai Combination Fried Rice
recipenlg:1737278	cuisine	north_african	french	Bean Cassoulet with Fennel Spiced Chicken and Roasted Vegetables
recipenlg:1737548	cuisine		german_central_eu	Sauerkraut, Beet And Cucumber Roll-Up With Walnuts
recipenlg:1737625	course	baking	main	Cabbage Rolls with Sauerkraut and Pork
recipenlg:1739073	course	side	main	Roasted Butternut Squash Risotto
recipenlg:1739141	course	side	main	Roasted Guinea Hens with Braised Vegetables
recipenlg:1739662	cuisine		latin_american	Chimichurri Mixed Grill
recipenlg:1739999	cuisine	caribbean	indian	Crispy Pork Loin with Fennel Tomato Chutney
recipenlg:1741366	course	baking	main	Italian Sausage Rolls
recipenlg:1741407	cuisine	caribbean	mexican	Spicy Jerk Chicken Burrito
recipenlg:1741488	cuisine	filipino	mexican	Pineapple Pork Tacos
recipenlg:1741522	cuisine	italian	french	Southern Italian Ratatouille
recipenlg:1741637	cuisine	north_african	french	Red Snapper with Carrot Confit and Baked Lemon
recipenlg:1741642	cuisine	indian	french	Confit of Winter Fruits
recipenlg:1741732	cuisine	italian	french	Gratin Of Flageolet Beans
recipenlg:1741886	course	baking	main	Asian Chicken Rolls
recipenlg:1742004	cuisine		german_central_eu	Red Duck with Apples: Germano alle Mele
recipenlg:1743057	course	side	main	Lemon and Herb Roast Chicken and Vegetables
recipenlg:1743093	cuisine		french	Duck Confit Cakes with Poached Eggs
recipenlg:1743682	cuisine	italian	french	Ratatouille with Penne
recipenlg:1744329	cuisine	french	chinese	Beef Braised in Red Wine With Chinese Mushrooms
recipenlg:1745016	cuisine		british_irish	Savannah-Style Irish Potato Soup
recipenlg:1745502	cuisine	british_irish	spanish	Chilled Peaches with Arborio Rice Pudding and Cinnamon Churros
recipenlg:1747086	cuisine		chinese	Sweet and Sour Braised Brisket With Cranberries and Pomegranate
recipenlg:1747257	cuisine	french	british_irish	Lobster Shepherd's Pie
recipenlg:1747913	cuisine	italian	north_african	Shakshuka with Swiss Chard
recipenlg:1748763	cuisine		latin_american	Oven-Roasted Lamb Chops with Mint Chimichurri
recipenlg:1748970	cuisine	mediterranean	french	Baked Baby Back Ribs with Lemon Confit Marinade
recipenlg:1749828	cuisine	vietnamese	thai	Thai-Style Steak Salad
recipenlg:1751303	cuisine	thai	japanese	Thai Chicken Ramen
recipenlg:1751426	cuisine	spanish	italian	Squink Risotto
recipenlg:1751426	course	side	main	Squink Risotto
recipenlg:1751561	course	side	main	Fresh Sturgeon With Spring Vegetables
recipenlg:1752579	cuisine	german_central_eu	chinese	Sweet and Sour Cabbage
recipenlg:1753004	cuisine		spanish	Gazpacho with Avocado Puree
recipenlg:1753154	cuisine		french	Southwestern Cassoulet with Duck and Lamb
recipenlg:1754622	cuisine	latin_american	caribbean	Cuban-Style Grilled Salmon
recipenlg:1754973	cuisine		chinese	Roasted Chicken with Fried Rice Stuffing and Scallion Oil
recipenlg:1755015	course	side	main	Lemon Risotto With Brussels Sprouts
recipenlg:1755187	cuisine	filipino	latin_american	Puerco Asado
recipenlg:1755211	course	side	main	Dandelion and Bitter Greens with Fried Potatoes and Warm Bacon Dressing
recipenlg:1755295	cuisine	spanish	north_african	Spicy Seafood Couscous
recipenlg:1755813	cuisine	latin_american	mexican	Scallop and Lobster Enchilada
recipenlg:1756865	cuisine	mediterranean	french	Marinated Broiled Tuna Steaks With Sauce Nicoise
recipenlg:1757623	course	side	main	Marinated Vegetables: Verdure in Scapece
recipenlg:1758612	course	side	main	Shrimp And Vegetables With Champagne
recipenlg:1758679	cuisine	chinese	french	Fusion Coq Au Vin
recipenlg:1758974	cuisine	filipino	mexican	Wine-Braised Pork Tacos
recipenlg:1759102	cuisine	north_african	german_central_eu	Curried Root Vegetable Strudel
recipenlg:1759374	cuisine		north_african	Beef Cheek Stew with Cilantro and Cumin, Algerian Style
recipenlg:1759457	cuisine		vietnamese	Vietnamese Stir-Fried Vegetables With Chicken Or Shrimp
recipenlg:1759457	course	side	main	Vietnamese Stir-Fried Vegetables With Chicken Or Shrimp
recipenlg:1759921	cuisine		mexican	All-Beef Tamales
recipenlg:1759956	cuisine		middle_eastern	Classic Hummus with Castelvetrano Olive Tapenade
recipenlg:1760285	cuisine	mediterranean	french	Grilled Seafood Salad Nicoise
recipenlg:1760349	cuisine	mediterranean	french	Carpaccio of Tuna with Nicoise Vinaigrette
recipenlg:1760395	cuisine	spanish	southern_us	Jambalaya
recipenlg:1761653	cuisine	french	italian	Root Vegetable "Lasagna" with Mushroom Broth
recipenlg:1762410	cuisine		mexican	Basic Tamale Dough with Sweet Roasted Corn
recipenlg:1762785	course	baking	snack	Shrimp and Green Papaya Summer Rolls
recipenlg:1763421	cuisine	spanish	italian	Risotto Nero
recipenlg:1763421	course	side	main	Risotto Nero
recipenlg:1763754	cuisine	filipino	mexican	Slow-Cooker Mole Pork
recipenlg:1763857	cuisine	thai	indonesian_malaysian	Tofu Satay with Ginger-Cashew Sauce
recipenlg:1763977	cuisine	mediterranean	french	Charred Striped Bass Nicoise
recipenlg:1765371	course	dessert	main	Stuffed Veal Roulade with Crabmeat
recipenlg:1766028	course	side	main	Seared Filet Mignon with Braised Chunky Vegetables
recipenlg:1766258	course	dessert	baking	Spicy Pecan Roll with Eggnog Ice Cream
recipenlg:1767691	course	main	breakfast	Chorizo-and-Egg Breakfast Burrito
recipenlg:1768516	cuisine		mexican	Light Tacos
recipenlg:1768814	cuisine		mexican	Smoked Tuna and Guacamole Salad
recipenlg:1770168	course	baking	main	Beef Rolls with Spring Salad
recipenlg:1770455	cuisine		italian	Spring Vegetable Risotto
recipenlg:1770455	course	side	main	Spring Vegetable Risotto
recipenlg:1771120	course	baking	main	Shrimp and Deviled-Egg Salad Rolls
recipenlg:1771334	course	baking	main	Shrimp and Chive Rolls
recipenlg:1771640	course	side	main	Chicken and Vegetables Braised in Peanut Sauce
recipenlg:1772046	cuisine	mediterranean	french	Roasted Ratatouille with Basil Aioli
recipenlg:1772340	course	baking	snack	Vietnamese Summer Rolls
recipenlg:1772819	cuisine	vietnamese	indonesian_malaysian	Beef Satay with Pickled Cucumber Salad
recipenlg:1773050	cuisine	spanish	chinese	Spanish Fried Rice
recipenlg:1773140	course	baking	main	BLT Lobster Rolls
recipenlg:1773300	cuisine	turkish	greek	GalaktabourekoGreek Semolina Custard Baked in Phyllo
recipenlg:1775569	cuisine	mediterranean	french	Nicoise Orzo Salad
recipenlg:1776650	cuisine		french	Grilled Tuna Nicoise
recipenlg:1778655	cuisine	southern_us	indian	Indian Succotash
recipenlg:1778759	cuisine		greek	Greek White Beans
recipenlg:1779547	cuisine	mediterranean	french	Ratatouille with Red Snapper
recipenlg:1779866	cuisine	french	north_african	Boeuf Bourguignon with Mushroom Couscous
recipenlg:1781250	course	baking	main	Tomaxelle Stuffed Veal Rolls
recipenlg:1782070	course	side	main	Baked Flounder Fillets with Lemon-Pepper Vegetables
recipenlg:1782685	cuisine	latin_american	spanish	Gazpacho Aspic
recipenlg:1784267	course	baking	main	Rouladen (German beef rolls)
recipenlg:1785142	cuisine	middle_eastern	north_african	Middle Eastern Garlic Roasted Chicken with Green Harissa and Flatbread
recipenlg:1785234	cuisine	mediterranean	north_african	Mediterranean Couscous Salad
recipenlg:1785537	course	side	main	Seared Tricolor Greens with Farfalle
recipenlg:1785997	cuisine	filipino	latin_american	Feijoada Angolan Style Recipe bigfellow
recipenlg:1786471	cuisine		indian	Grilled Indian-Style Chicken Wings with Carrot-Cumin Yogurt Sauce
recipenlg:1786941	course	side	main	Collard Greens And Chorizo
recipenlg:1787017	course	baking	main	Fried Shrimp Rolls
recipenlg:1787272	cuisine	mediterranean	french	Swordfish Nicoise
recipenlg:1788084	cuisine		east_west_african	Senegalese Okra Stew
recipenlg:1788297	cuisine	turkish	north_african	Moroccan Coffee Granita with Orange Water Cream Parfait
recipenlg:1788941	cuisine	chinese	japanese	Teriyaki Pork Tenderloin Salad
recipenlg:1790666	course	baking	main	Fried Spicy Ipswich Clam Rolls
recipenlg:1790754	cuisine	spanish	italian	Roast Chicken with Panzanella
recipenlg:1791264	cuisine	latin_american	italian	Sauteed Sea Bass on Bruschetta
recipenlg:1793442	cuisine	filipino	chinese	Sweet and Sour Braised Brisket
recipenlg:1793987	cuisine	turkish	persian	Persian Pastries
recipenlg:1794178	course	side	main	Red Snapper Parcels with Julienne of Vegetables and Aromatics
recipenlg:1794772	cuisine	thai	indonesian_malaysian	Malaysian Black Pepper Clams
recipenlg:1795026	cuisine		german_central_eu	Steamed Halibut In Borscht With Warm Chive-Horseradish Sauce
recipenlg:1795173	cuisine	filipino	mexican	Pat's Pulled Pork Tacos
recipenlg:1795370	cuisine	vietnamese	thai	Thai Pork Chops with a Spicy Vegetable Salad
recipenlg:1795965	course	side	main	Barley Risotto with Lima Beans, Asparagus and Spinach
recipenlg:1796040	course	baking	snack	Mango Shrimp Summer Rolls
recipenlg:1796838	cuisine	thai	north_african	Grilled Shrimp with Green Harissa
recipenlg:1798941	cuisine	korean	indian	Ravadosa Pancakes with Sweet Potato and Cumin Filling
recipenlg:1799698	cuisine	german_central_eu	british_irish	Smoky Turkey Shepherd's Pie
recipenlg:1799852	cuisine	british_irish	italian	Lemon Hazelnut Tiramisu
recipenlg:1802280	cuisine	mexican	indian	West Indian Bean Dip
recipenlg:1803922	cuisine		spanish	Gazpacho
recipenlg:1805126	cuisine	mediterranean	middle_eastern	Mushroom-Hummus Soup
recipenlg:1805244	cuisine	german_central_eu	british_irish	Irish "Bacon" and Cabbage
recipenlg:1805614	course	side	main	Grilled Steak and Vegetables With Tortillas
recipenlg:1805911	cuisine	korean	japanese	Spicy Barbecued Chicken with Miso Corn
recipenlg:1807052	cuisine		british_irish	Sauteed Kale with Irish Bacon
recipenlg:1809211	cuisine	caribbean	southern_us	Calaloo Gumbo
recipenlg:1809881	course	baking	main	Grilled Tuna Rolls
recipenlg:1810305	cuisine	thai	indonesian_malaysian	Sambal Terung (Malaysian Roasted Eggplant with Chile Sauce)
recipenlg:1811862	cuisine		italian	Crab and Lemon Bruschetta
recipenlg:1812652	cuisine	filipino	chinese	Sweet and sour pork cheeks recipe
recipenlg:1812727	cuisine	turkish	greek	Greek Honey and Anise Twists
recipenlg:1813005	cuisine	italian	french	Pasta Nicoise
recipenlg:1813434	course	baking	main	Mini Mex Rolls
recipenlg:1813609	cuisine		french	Salade Nicoise
recipenlg:1813619	course	side	main	Grilled Swordfish and Summer Vegetables with Basil Vinaigrette
recipenlg:1814941	cuisine	german_central_eu	french	Spiced Venison Steaks with Red-Cabbage Confit and Red-Wine Sauce
recipenlg:1817268	course	baking	snack	Grilled-Beef Summer Rolls
recipenlg:1817393	cuisine		thai	Thai Grilled Beef Salad
recipenlg:1818958	course	baking	main	Beef Rolls with Mustard & Vegetables
recipenlg:1819521	cuisine		italian	Grilled Eggplant Caponata Bruschetta with Ricotta Salata
recipenlg:1819985	cuisine	north_african	middle_eastern	Lamb and Date Brochettes with Tabbouleh Salad
recipenlg:1820336	course	main	breakfast	Chicken, Apple, Herb Breakfast Sausage
recipenlg:1820478	cuisine	latin_american	caribbean	Miami Cuban-Style Steak with Mojo
recipenlg:1820601	cuisine	greek	north_african	Grilled Eggplant with Couscous and Greek Yogurt Dressing
recipenlg:1821290	cuisine	korean	chinese	Rice Cake Soup with Wontons (Duk Kook)
recipenlg:1821984	cuisine	italian	japanese	Chilled Inaniwa Udon with Heirloom Tomatoes and Ratatouille
recipenlg:1822162	cuisine	mediterranean	italian	Rosemary Focaccia with Onions, Black Olives, and Sun-Dried Tomatoes
recipenlg:1823058	cuisine		thai	Thai Beef Salad
recipenlg:1823153	course	baking	main	Maple Roasted Stuffed Bacon Rolls
recipenlg:1824333	cuisine	filipino	east_west_african	Vegetarian Jollof Rice
recipenlg:1825296	course	baking	main	Grilled Beef Rolls with Nuoc Cham Dipping Sauce
recipenlg:1826034	cuisine	mediterranean	french	Broiled Halibut Steaks, Nicoise
recipenlg:1826417	cuisine	middle_eastern	italian	Quinoa Risotto
recipenlg:1826417	course	side	main	Quinoa Risotto
recipenlg:1827150	cuisine	caribbean	french	Sweet Potato Gratin
recipenlg:1827954	cuisine		greek	Swiss Chard Dolmas
recipenlg:1828688	cuisine	korean	japanese	Chilled Udon with Sweet-and-Spicy Chicken and Spinach
recipenlg:1829350	cuisine	turkish	latin_american	Fried Quince Empanadas
recipenlg:1831596	cuisine	mexican	italian	Corn and Poblano Lasagna
recipenlg:1831891	cuisine		spanish	Gazpacho
recipenlg:1832207	course	dessert	main	Turkey Roulade en Cocotte
recipenlg:1832390	cuisine	italian	french	Ratatouille Stuffed Jack-o-Peppers
recipenlg:1832525	cuisine	filipino	chinese	Sweet and Sour Brisket
recipenlg:1833104	cuisine	southern_us	french	Cassoulet
recipenlg:1833416	cuisine	spanish	italian	Seafood Risotto
recipenlg:1833416	course	side	main	Seafood Risotto
recipenlg:1834052	course	dessert	snack	Habanero Lime Cheesecake
recipenlg:1834216	course	dessert	baking	Pumpkin Roll
recipenlg:1834799	cuisine	mexican	italian	Corn and Poblano Lasagna 2
recipenlg:1835936	course	side	main	Poached Fish And Vegetables With Garlic Mayonnaise
recipenlg:1837244	cuisine	mediterranean	french	Ratatouille
recipenlg:1837374	course	side	main	Potee of Bacon, Beans and Vegetables
recipenlg:1838302	cuisine	vietnamese	filipino	Filipino Turmeric-Scented Pork Stew
recipenlg:1838632	cuisine	caribbean	indian	Cranberry Chutney
recipenlg:1838694	course	dessert	main	Turkey Roulade with Apple-Cider Gravy
recipenlg:1838881	cuisine		french	Eggplant, Tomato and Onion Gratin
recipenlg:1839177	cuisine		indian	Pork Tenderloin with Rhubarb-Currant Chutney
recipenlg:1839366	cuisine		italian	Fillet of Salmon with Fennel, Tomatoes, and Risotto
recipenlg:1839413	course	main	breakfast	Breakfast Hash
recipenlg:1839638	course	side	main	Reverse Risotto
recipenlg:1840467	cuisine		french	Ratatouille
recipenlg:1841305	course	main	breakfast	Steak and Egg Breakfast Sandwich
recipenlg:1842266	cuisine		spanish	Chicken and Chorizo Hash with OJ Gravy
recipenlg:1843089	cuisine	fusion_other	indian	Macadamia Mahi Mahi With Pineapple Pink Peppercorn Chutney Recipe
recipenlg:1843251	cuisine	american	german_central_eu	Das Pear Pineapple Strudel
recipenlg:1843741	course	baking	main	Baked Flounder Rolls with Tomato, Bell Pepper, and Bacon
recipenlg:1844060	cuisine	vietnamese	japanese	Teriyaki Chicken Lettuce Wraps
recipenlg:1844333	cuisine		middle_eastern	Striped Bass en Papillote with Lebanese Salad
recipenlg:1844464	cuisine	korean	japanese	Teriyaki Beef Stick and Sticky Rice
recipenlg:1844842	cuisine		mexican	Crab and Guacamole Salad
recipenlg:1844929	cuisine	thai	chinese	Rice Congee with Pork Meatballs (Khao Dtom Moo Saap)
recipenlg:1845543	cuisine	mexican	french	Pork Confit Tacos with Grilled Pineapple Salsa
recipenlg:1845779	cuisine	caribbean	indian	West Indian Pepper Pot Soup
recipenlg:1846572	cuisine	mediterranean	french	Biblos Grilled Tuna Nicoise
recipenlg:1846707	cuisine	indian	mexican	Sesame-Cashew-Cauliflower Quesadillas
recipenlg:1847310	cuisine	spanish	italian	Risotto with Mixed Seafood: Risotto alla Chioggiotta
recipenlg:1847310	course	side	main	Risotto with Mixed Seafood: Risotto alla Chioggiotta
recipenlg:1847325	cuisine	latin_american	caribbean	Cuban Steak and Beans
recipenlg:1847943	cuisine	persian	chinese	Chinese New Year Sugared Walnuts
recipenlg:1848828	course	side	main	Arctic Char with Horseradish Cream, Sweet-and-Sour Beets, and Dandelion Greens
recipenlg:1848868	cuisine	italian	french	Vegetable Gratin with Polenta and Smoked Tomato Vinaigrette
recipenlg:1850837	cuisine		french	Chicken and Bell Pepper with Onion Confit
recipenlg:1851013	course	side	main	Shrimp and Vegetables in Ginger Coriander Broth
recipenlg:1851153	course	baking	snack	Grilled Shrimp Summer Rolls
recipenlg:1851451	cuisine		greek	Wara Einab or Dolma
recipenlg:1851561	cuisine	vietnamese	japanese	Spicy Oil with Chilled Ramen
recipenlg:1851637	course	baking	main	Chipotle Chicken Rolls with Avocado Dipping Sauce
recipenlg:1851709	cuisine	filipino	southern_us	Pulled Pork BBQ Pizza
recipenlg:1851811	course	baking	snack	Vietnamese Summer Rolls with Black Bean Garlic Dipping Sauce
recipenlg:1852079	cuisine	spanish	italian	Shellfish Paella Risotto
recipenlg:1852079	course	side	main	Shellfish Paella Risotto
recipenlg:1852368	cuisine	turkish	greek	Greek Walnut Rolls
recipenlg:1853627	cuisine	mexican	latin_american	Grouper Ceviche with Jicama and Avocado Slaw
recipenlg:1854814	cuisine		german_central_eu	Apple Pear Strudel With Dried Fruit and Almonds
recipenlg:1855146	cuisine	vietnamese	chinese	Spicy Szechuan Chicken Lettuce Wraps
recipenlg:1855753	cuisine		indian	Pork Tenderloin with Cherry Chutney
recipenlg:1856331	cuisine	greek	italian	Grilled Chicken Cutlets Parmigiana
recipenlg:1858678	cuisine	vietnamese	chinese	Rice Noodles with Chinese Chives, Shrimp, and Pork
recipenlg:1858778	cuisine	mediterranean	french	Salad Nicoise with Seared Tuna
recipenlg:1859105	course	side	main	Tangy Braised Collard Greens with White Beans and Lime
recipenlg:1859394	cuisine	mediterranean	chinese	Grilled Sardines with Sweet and Sour Lemon-Pepper Vinaigrette and Toasted Bread
recipenlg:1859962	course	baking	snack	Spicy Red Curry Beef Summer Rolls
recipenlg:1860519	cuisine	spanish	italian	Arroz con Pollo Risotto
recipenlg:1860519	course	side	main	Arroz con Pollo Risotto
recipenlg:1861676	cuisine		italian	Portobello Bruschetta with Rosemary Aioli
recipenlg:1861947	course	baking	snack	Tiger Shrimp Summer Rolls
recipenlg:1862591	cuisine		indian	West Indian Chicken Curry
recipenlg:1864140	cuisine		french	Grilled Ratatouille
recipenlg:1865411	cuisine	korean	japanese	Warm Teriyaki Beef Salad
recipenlg:1866044	cuisine	caribbean	mexican	Pernot's Tamales Cubano with Sun-Dried Cherry Mojo
recipenlg:1866279	cuisine		chinese	Nasi Goreng (Indonesian Fried Rice With Vegetables)
recipenlg:1866908	course	baking	main	Veal Rolls in Tomato Sauce---Braciole di Vitello
recipenlg:1867505	course	side	main	Prosciutto and Pickled Vegetables With Cheese
recipenlg:1868341	cuisine		french	Potato-Tomato Gratin
recipenlg:1869258	cuisine	filipino	mexican	Slow-Roasted Pork for Tacos
recipenlg:1869389	cuisine		caribbean	Cuban-Style Grilled Mojo Chicken with Greens, Avocados and Mangoes
recipenlg:1871130	cuisine		chinese	Pineapple Fried Rice
recipenlg:1871132	course	baking	main	Lobster Rolls with Curried Mayonnaise
recipenlg:1871362	cuisine	indian	greek	Marinated Lamb Popsicles with Fenugreek Cream
recipenlg:1872793	course	side	main	Risotto con Peperone
recipenlg:1873192	cuisine	latin_american	indian	Vidal Blanc Scallop Grill Pouches
recipenlg:1873325	cuisine		indian	Indian Beef Curry
recipenlg:1874154	course	baking	main	Lemon-Parmesan Veal Rolls with Arugula Salad
recipenlg:1874415	cuisine	italian	japanese	Sushi Pinwheels
recipenlg:1875305	cuisine	mediterranean	french	Nicoise Salad With Grilled, Olive-Oil- Marinated Tuna
recipenlg:1875684	cuisine		french	Leeks and Corn Au Gratin
recipenlg:1875914	cuisine		italian	Panzanella With Grilled Chicken
recipenlg:1876031	course	main	breakfast	Grilled Breakfast Tacos
recipenlg:1876409	cuisine	turkish	middle_eastern	Baked Potatoes with Lebanese-Style Beef Filling
recipenlg:1876568	course	side	main	Hoppin' John Risotto
recipenlg:1877175	cuisine	korean	chinese	Kielbasa Fried Rice
recipenlg:1877455	cuisine		british_irish	Simmering Irish Stew With Dumplings
recipenlg:1877971	course	dessert	main	Seared Filet Roulade
recipenlg:1879260	course	baking	snack	Nectarine and Basil Summer Rolls with Almond Sauce
recipenlg:1879813	cuisine		italian	Pear Bruschetta with Hazelnut Cream
recipenlg:1879894	cuisine		north_african	Salmon Fillets with Dill Couscous & Spicy Kale
recipenlg:1880138	cuisine	spanish	chinese	Sweet and Sour Calves' Tongue: Lingua Agrodolce
recipenlg:1880374	cuisine	indonesian_malaysian	chinese	Singapore-Style Chicken Fried Rice
recipenlg:1880410	cuisine	turkish	greek	Greek Yogurt with a Fig, Date, and Honey Swirl
recipenlg:1880895	course	baking	main	Braised Stuffed Cabbage Rolls
recipenlg:1880955	cuisine	korean	japanese	Braised Beef Short Ribs with Red Beans and Sushi Rice
recipenlg:1881477	cuisine	spanish	italian	Risotto of Clams
recipenlg:1881596	cuisine	spanish	italian	Southwestern Saffron Risotto with Meat and Mushrooms
recipenlg:1881596	course	side	main	Southwestern Saffron Risotto with Meat and Mushrooms
recipenlg:1882364	course	dessert	breakfast	Breakfast Bread Pudding
recipenlg:1884158	cuisine		german_central_eu	Appleberry-Peach Strudel-Style Pastry
recipenlg:1884223	cuisine	french	italian	Potato Lasagnas With Monkfish and Shallot Vinaigrette
recipenlg:1884579	cuisine		italian	Potato Focaccia with Oyster Mushrooms
recipenlg:1884885	course	dessert	snack	Caramelized Pear Spring Roll with Blood Orange Cream Sauc
recipenlg:1885284	course	side	main	David Liederman's Roast Chicken And Vegetables
recipenlg:1885297	cuisine		thai	Thai Beef Salad
recipenlg:1885479	cuisine	indonesian_malaysian	thai	Thai Chicken Wraps
recipenlg:1885503	cuisine	southern_us	italian	Louisiana Brown Jasmine Rice and Shrimp Risotto
recipenlg:1885503	course	side	main	Louisiana Brown Jasmine Rice and Shrimp Risotto
recipenlg:1886606	cuisine	korean	japanese	Oven-Grilled Teriyaki Flank Steak
recipenlg:1888704	cuisine	turkish	latin_american	Empanadas
recipenlg:1889689	course	main	breakfast	Cheesy Sausage Breakfast Casserole
recipenlg:1891474	course	baking	main	Moroccan-Style Chicken Phyllo Rolls
recipenlg:1892356	course	main	snack	Crawfish Spring Roll
recipenlg:1892744	cuisine	filipino	caribbean	Cuban Roasted Pork Leg: Pernil
recipenlg:1893651	course	side	main	Celery Risotto With Dandelion Greens or Kale
recipenlg:1893953	course	side	main	Winter Vegetables Bagna Cauda
recipenlg:1894040	cuisine	mediterranean	italian	Bruschetta with Caponata
recipenlg:1895627	course	baking	side	Corn-Bacon Spoon Bread with Tomatoes
recipenlg:1895801	cuisine	vietnamese	filipino	Fresh Vegetable Spring Rolls with Filipino Garlic Sauce
recipenlg:1896069	course	side	main	Baby Greens with Sauteed Apricots, Prosciutto, and Sheep's Cheese
recipenlg:1897744	cuisine	turkish	german_central_eu	Pistachio- Pear Strudel
recipenlg:1898669	course	baking	main	Persian Sweet-and-Sour Stuffed Cabbage Rolls
recipenlg:1900284	course	main	breakfast	Breakfast Strata with Country Sausage
recipenlg:1900589	cuisine	thai	japanese	Japanese Eggplants with Sriracha Shrimp
recipenlg:1901984	cuisine	middle_eastern	turkish	Fish Kofta Sandwiches
recipenlg:1902229	cuisine	turkish	french	Deep-Dish Spinach-and-Feta Quiche
recipenlg:1902922	cuisine	turkish	indian	Quince and Hazelnut Chutney
recipenlg:1903060	course	baking	main	Rice Paper Wrapped Salad Rolls
recipenlg:1903370	cuisine	latin_american	caribbean	Cuban Steak Sandwiches
recipenlg:1903467	cuisine	mediterranean	french	Ratatouille Terrine
recipenlg:1903688	cuisine	american	italian	Butterflied, Dry Brined Roasted Turkey with Roasted Root Vegetable Panzanella
recipenlg:1903921	cuisine		chinese	Plantains and Pork Fried Rice
recipenlg:1904170	cuisine	british_irish	french	Jam Tarts (Tartes de Confiture)
recipenlg:1904885	cuisine	thai	indonesian_malaysian	Almond Chicken Satay
recipenlg:1905167	course	baking	snack	Simpler Summer Rolls
recipenlg:1905584	cuisine	thai	indonesian_malaysian	Satay Sauce
recipenlg:1906089	cuisine		japanese	Chicken Teriyaki with Ginger Rice
recipenlg:1906561	cuisine	spanish	korean	Kimchi-Mussel Bouillabaisse
recipenlg:1906582	course	side	main	Braised Collard Greens with Bacon
recipenlg:1906787	cuisine	indian	italian	Curried Bay Scallops Risotto
recipenlg:1906787	course	side	main	Curried Bay Scallops Risotto
recipenlg:1907338	cuisine	turkish	german_central_eu	Cranberry Apricot Pecan Strudel
recipenlg:1907516	course	side	main	Risotto with Baby Greens
recipenlg:1907721	cuisine	mediterranean	indian	Grilled Veggie Naan-wich with Sun-dried Tomato and Goat Cheese Spread
recipenlg:1908020	cuisine		japanese	Oxtail Soup with Daikon and Ramen Noodles
recipenlg:1908272	cuisine	japanese	italian	Tomato and Tofu Caprese Salad with Asian Vinaigrette
recipenlg:1908341	cuisine		mexican	Chicken Wings with Easy Mole Sauce
recipenlg:1908546	cuisine	mediterranean	french	Dandelion Salad With Garlic Confit Dressing
recipenlg:1909356	cuisine	italian	french	Gratin of Zucchini and Yellow Squash
recipenlg:1910165	cuisine		chinese	Spicy Carrot Fried Rice
recipenlg:1910192	cuisine		french	Ratatouille of Grilled Vegetables
recipenlg:1910483	cuisine	north_african	middle_eastern	Samaka Harra (Syrian Spiced Fish)
recipenlg:1911963	course	side	main	Stir-Fried Steak and Vegetables
recipenlg:1912461	cuisine	vietnamese	chinese	Wonton Wrapped Shrimp
recipenlg:1915399	course	dessert	snack	Savory Cheesecake with Beets and Red Cabbage
recipenlg:1916761	course	baking	main	Salad Rolls
recipenlg:1916930	cuisine		italian	Fennel and Leek Bruschetta with Cheese and Beer Fondue
recipenlg:1919279	cuisine	mediterranean	french	Nicoise Salad with Grilled Tuna
recipenlg:1919376	course	side	main	Casserole Roast Chicken and Root Vegetables
recipenlg:1920268	cuisine	caribbean	indian	Golden Pineapple Chutney
recipenlg:1920589	course	dessert	main	Turkey Breast Roulade with Green Chiles and Feta
recipenlg:1921199	cuisine		italian	Garbanzo Minestrone
recipenlg:1921784	cuisine	thai	chinese	Pineapple Fried Rice
recipenlg:1922403	cuisine	thai	latin_american	Thai Ceviche with Coconut
recipenlg:1922778	cuisine	north_african	middle_eastern	Oven-Roasted Chicken Shawarma
recipenlg:1923344	cuisine	spanish	italian	Mussel Risotto
recipenlg:1923344	course	side	main	Mussel Risotto
recipenlg:1923818	cuisine		french	Charred Broccolini with Anchovies and Garlic Confit
recipenlg:1924924	cuisine	caribbean	latin_american	Mojo Marinated Pork Cubano (Lechon Asado) Recipe
recipenlg:1925151	cuisine	thai	chinese	Pad Priew Want (Sweet And Sour Pork Thai Style)
recipenlg:1925221	course	side	main	Tuscan Roasted Chicken and Vegetables
recipenlg:1925786	cuisine	german_central_eu	italian	Chicken and Mushroom Goulash with Gnocchi
recipenlg:1926261	cuisine	korean	indian	Slow-Baked Spareribs with Mango-Chutney Marinade
recipenlg:1926428	cuisine		mexican	Fajita Salad
recipenlg:1927759	cuisine		mexican	Fajita Panini with Chipotle Mayonnaise
recipenlg:1928881	course	baking	snack	Shrimp Summer Rolls
recipenlg:1929977	cuisine	filipino	mexican	Salmon Tacos
recipenlg:1930178	cuisine		korean	Kimchi
recipenlg:1930658	course	baking	main	Stuffed Pork Rolls: Braciole Abruzzese
recipenlg:1931097	course	baking	snack	Shrimp Summer Rolls
recipenlg:1931206	cuisine	caribbean	chinese	Jerk Wontons with Caribbean Salsa
recipenlg:1932236	cuisine	latin_american	mexican	Flank Steak Fajitas with Chimichurri and Drunken Peppers
recipenlg:1932378	cuisine	italian	french	Chicken au Gratin
recipenlg:1932596	cuisine		mexican	Smoked Salmon Involtini with Guacamole
recipenlg:1933185	cuisine	turkish	french	Gratin de Figues
recipenlg:1933797	cuisine	filipino	southern_us	Cajun Pork Tenderloin with Braised Greens
recipenlg:1934263	cuisine	middle_eastern	korean	Caramelized Kimchi Baba Ghanoush
recipenlg:1934752	cuisine	filipino	southern_us	Roasted Cornish Hens with Chorizo Cornbread Stuffing
recipenlg:1934811	cuisine	german_central_eu	british_irish	Hearty Irish Lager Stew
recipenlg:1935662	cuisine		italian	Puttanesca-Style Panzanella
recipenlg:1936264	cuisine	latin_american	mexican	Flan de Elote
recipenlg:1936648	course	side	main	Spiced Roast Beef and Vegetables
recipenlg:1937517	course	baking	snack	Summer Rolls with Marigolds and Nasturtiums
recipenlg:1937742	cuisine	mediterranean	french	Tuna Nicoise Sandwiches with Olive Aioli
recipenlg:1938657	cuisine		french	Grilled Ratatouille Salad
recipenlg:1938807	cuisine	korean	mexican	Peking-Style Short Rib Tacos
recipenlg:1938864	cuisine		latin_american	Pear and Cheese Empanadas
recipenlg:1939191	cuisine		french	Roasted Eggplant and Red Pepper Gratin
recipenlg:1939371	cuisine		latin_american	Peruvian Purple Potato Dumplings with Ragout of Heirloom Tomatoes and Basil
recipenlg:1940768	cuisine	american	southern_us	Cheese-and-Chive Cornbread
recipenlg:1940925	cuisine	caribbean	southern_us	Kicked Up Cajun Poke
recipenlg:1941307	cuisine	mediterranean	indian	Grilled Lemon and Garlic Leg of Lamb with Coriander Chutney
recipenlg:1941456	cuisine	mediterranean	french	Halibut with Grilled Ratatouille
recipenlg:1941491	cuisine		italian	Mediterranean Squid (calamari) filled with Shellfish, Saffron Risotto and Ink Sauce
recipenlg:1941494	cuisine	mexican	spanish	Mexican Green Gazpacho with Shellfish
recipenlg:1941736	cuisine	caribbean	french	Banana Cigars with Coconut Creme Brulee and Tropical Rum Salsita
recipenlg:1941802	course	dessert	breakfast	French Breakfast Puffs
recipenlg:1942562	cuisine	north_african	thai	Pan Seared Mahi-Mahi with Preserved Lemon-Tomato Chutney Thai Basil-Shiitake Orzo
recipenlg:1942985	cuisine	caribbean	indian	Jerk spiced paneer, soya chunks and mushrooms recipe
recipenlg:1943991	cuisine	mediterranean	japanese	Crispy Potato Spring Rolls with Tuna Sushi in a Lemon Thyme Vinaigrette
recipenlg:1944154	cuisine		japanese	Shrimp Tempura Cocktail
recipenlg:1944247	course	dessert	main	Sole Roulade with Black Olive Paste, Roast Pepper, Capers and Basil
recipenlg:1944272	cuisine		north_african	Greek Shrimp and Couscous
recipenlg:1945144	cuisine		latin_american	Peruvian-Style Beef Kebabs with Grilled Onion and Zucchini
recipenlg:1945499	cuisine		italian	Bruschetta with White Beans, Sun-dried Tomatoes and Basil
recipenlg:1946081	cuisine	vietnamese	chinese	Chinese Meatball Sliders with Pineapple Salad
recipenlg:1946400	course	side	main	Risotto with Bacon and Kale
recipenlg:1948175	cuisine	indonesian_malaysian	thai	Saffron Thai Grilled Chicken
recipenlg:1948855	cuisine		caribbean	Callaloo
recipenlg:1949677	cuisine	turkish	middle_eastern	Lebanese Lentil/Rice Pilaf With Blackened Onions
recipenlg:1949882	cuisine	mediterranean	french	Roasted Rack of Lamb with Ratatouille and a Tarragon Lamb Jus
recipenlg:1951771	course	baking	snack	Shrimp Summer Rolls
recipenlg:1951807	cuisine		caribbean	Fried Mini Cubans
recipenlg:1952235	cuisine	mediterranean	italian	Fish Minestrone with Herb Sauce
recipenlg:1953309	cuisine	middle_eastern	latin_american	Peruvian Bean Cakes with Cucumber-Radish Salad
recipenlg:1953694	cuisine		indian	Marcel Desaulnier's Apple, Pear and Raisin Chutney
recipenlg:1954113	course	dessert	breakfast	Peach, Plum, and Blackberry Breakfast Crumble
recipenlg:1954140	cuisine		german_central_eu	Fibbed Austrian Bean Stew with Sausages from Astir
recipenlg:1954309	cuisine	southern_us	british_irish	Sausage Shepherd's Pie with Sweet Potatoes and Squash
recipenlg:1954961	course	side	main	Dried Wild Mushroom Risotto
recipenlg:1955157	cuisine	greek	german_central_eu	Mushroom, Cheese, and Vegetable Strudel
recipenlg:1955477	cuisine	german_central_eu	mexican	Reuben Quesadillas
recipenlg:1955995	cuisine		thai	Thai-style Chicken Skewers
recipenlg:1956145	cuisine		mexican	Turkey Hash Quesadillas
recipenlg:1957150	cuisine	spanish	italian	Prawn, Asparagus and Saffron Risotto
recipenlg:1957150	course	side	main	Prawn, Asparagus and Saffron Risotto
recipenlg:1957278	cuisine	caribbean	indian	Pork Tenderloins with Pineapple-Mint Chutney
recipenlg:1957429	cuisine	mediterranean	french	Grilled Ratatouille
recipenlg:1957682	course	dessert	main	Pistachio Duxelle Stuffed Duck Roulade with a Dijon Mustard Cream Sauce
recipenlg:1957731	cuisine	mediterranean	french	Ratatouille Burgers
recipenlg:1959165	cuisine	filipino	latin_american	Pollo a la Brasa (Peruvian Roast Chicken)
recipenlg:1959512	course	baking	main	Carnival Sausage Rolls
recipenlg:1960534	cuisine	italian	french	Tuscan Bean Soup au Gratin: La Ribollita
recipenlg:1961046	cuisine		mexican	Enchilada Sauce
recipenlg:1961457	cuisine	thai	italian	Asian Mushroom Risotto
recipenlg:1961457	course	side	main	Asian Mushroom Risotto
recipenlg:1961782	cuisine		french	Ratatouille
recipenlg:1961917	cuisine		italian	Fresh Duck Liver Bruschetta
recipenlg:1962403	cuisine	filipino	caribbean	Vegetarian Cuban Black Beans
recipenlg:1962788	cuisine	turkish	greek	Strawberry-Rhubarb Greek Yogurt Fool
recipenlg:1963052	course	side	main	Ajiaco: Cuban Soup Made with Beef, Pork, and Tropical Vegetables
recipenlg:1963305	course	side	main	Blackened Catfish with Trinity of Sauteed Vegetables
recipenlg:1964806	cuisine		italian	Grilled Panzanella Salad
recipenlg:1965508	cuisine	mediterranean	greek	Greek Fishermans Stew
recipenlg:1966275	cuisine		mexican	Chicken Quesadillas with Blue Cheese and Caramelized Onions
recipenlg:1966500	course	side	main	Grilled Chicken and Greens
recipenlg:1966554	cuisine	mediterranean	french	Grilled Ratatouille Salad
recipenlg:1966905	cuisine		chinese	Big Eye Tuna on Wonton Crisps with Papaya Daikon Relish
recipenlg:1967214	cuisine	caribbean	indian	Coconut Shrimp with Pineapple Habanero Chutney
recipenlg:1968915	cuisine		vietnamese	Vietnamese Grilled Chicken and Eggplant
recipenlg:1969943	course	side	main	Butternut Squash and Pancetta Risotto with Spiced Butter
recipenlg:1971282	cuisine	japanese	chinese	Scallop Pancake With Chinese Greens
recipenlg:1971416	course	baking	snack	Vietnamese Summer Rolls
recipenlg:1972340	course	baking	main	New England Shrimp and Lobster Lettuce Rolls
recipenlg:1972381	course	dessert	main	Alaskan Halibut, Salmon and Crab Roulade
recipenlg:1972872	cuisine	mexican	italian	Mexican LasagnaA South-of-the-Border Treat.
recipenlg:1973163	cuisine	latin_american	mexican	Buffalo Tamales
recipenlg:1973476	cuisine	chinese	japanese	Chinese Spareribs #5 with Teriyaki Glaze
recipenlg:1973666	cuisine	mediterranean	latin_american	Roasted Lamb with Potatoes and Rosemary Chimichurri
recipenlg:1973766	cuisine		british_irish	Lighter Fish and Chips
recipenlg:1974278	cuisine	middle_eastern	italian	Roast Garlic Bruschetta
recipenlg:1974334	cuisine		indian	Wild Bass With Bing Cherry Chutney and Hazelnut Hollandaise
recipenlg:1974416	cuisine		french	Ratatouille Stuffed Eggplant
recipenlg:1975256	cuisine	indonesian_malaysian	thai	Thai-Spiced Pork Tenderloin with Orange Curry Sauce
recipenlg:1976434	cuisine	spanish	french	Saffron Scallop Gratin
recipenlg:1976878	course	side	main	Paprika-Roasted Cornish Hens and Vegetables
recipenlg:1977336	cuisine		french	Cannellini al Gratin
recipenlg:1977615	cuisine	filipino	mexican	Oven-Braised Short Ribs with Pasilla-Tomato Mole
recipenlg:1978547	cuisine	italian	french	Cannellini Bean Gratin with Herbed Bread Crumb Topping
recipenlg:1978645	course	baking	main	Crispy Pork, Shrimp and Cabbage Imperial Rolls
recipenlg:1979163	cuisine		turkish	Turkish-Spiced Halibut Skewers With Yogurt Sauce
recipenlg:1980292	course	side	main	Microwave Mushroom Risotto
recipenlg:1983052	cuisine	mediterranean	french	Grilled Halibut a la Nicoise with Haricots Verts, Olives, Cherry Tomatoes, and Anchovy Butter
recipenlg:1983089	cuisine		thai	Thai Basil Ice Cream with Beaumes de Venise Fruit Compote
recipenlg:1983508	course	baking	main	Beef and Radish Rolls with Buttermilk Dunk
recipenlg:1983993	cuisine	latin_american	caribbean	Spicy Grilled Tuna, Cuban Style
recipenlg:1984383	cuisine	mediterranean	french	Grilled Ratatouille With Crostini and Goat Cheese
recipenlg:1984525	cuisine		thai	Spring Rolls With Thai Basil
recipenlg:1986213	cuisine	vietnamese	thai	Thai-Style Beef Salad With Mint
recipenlg:1987277	cuisine	italian	japanese	Medley of Japanese Mushrooms with Orecchiette
recipenlg:1987825	cuisine	filipino	mexican	Traditional Pork Tamales
recipenlg:1988306	cuisine		mexican	Lettillas: Mix-n-Match Lettuce Tacos
recipenlg:1988726	cuisine		southern_us	Blackberry Cornbread Tartlets with Ricotta Cream
recipenlg:1990408	course	main	side	Andouille Spoonbread
recipenlg:1990828	cuisine	greek	mexican	Lamb and Two-Cheese Quesadillas
recipenlg:1991138	course	side	main	Grilled Butterflied Leg of Lamb and Vegetables with Lemon-Herb Dressing
recipenlg:1992339	cuisine		italian	Grilled Tuna Bruschetta with Chipotle Creme Fraiche
recipenlg:1992576	course	side	main	Salad of Mixed Greens with Mushroom Vinaigrette
recipenlg:1993152	cuisine		japanese	Chicken Breasts with Spicy Grapefruit and Miso Sauce
recipenlg:1994676	cuisine		southern_us	Cajun Salmon with Jicama and Melon Salad
recipenlg:1995301	cuisine	latin_american	british_irish	Picadillo and Sweet Potato Shepherd's Pie (Spicy Beef, Vegetable, and Sweet Potato Pie)
recipenlg:1995394	cuisine		chinese	Grilled Tomato Soup with Sweet and Sour Shrimp
recipenlg:1996136	cuisine		japanese	Vegetable-Arame Stir-Fry in Orange-Miso Sauce
recipenlg:1998423	cuisine	mexican	french	Duck Confit Quesadillas
recipenlg:1999553	course	baking	main	Braised Collard Rolls Recipe ieatthepeach
recipenlg:2000048	cuisine		italian	Asian Risotto with Pancetta and Mussels
recipenlg:2000048	course	side	main	Asian Risotto with Pancetta and Mussels
recipenlg:2000987	cuisine		british_irish	Irish Lamb Stew
recipenlg:2002050	cuisine		italian	Grilled Herb Focaccia
recipenlg:2002115	cuisine		french	Cassoulet with Duck and Hot Sausages
recipenlg:2002613	cuisine		chinese	Taro-Coated Chicken with Tropical Sweet and Sour Sauce
recipenlg:2003022	course	side	main	Pickled Shrimp and Vegetables
recipenlg:2004140	course	dessert	main	Karen's Smoked Salmon Roulade
recipenlg:2005144	cuisine		caribbean	Cubanstyle Fried Chicken
recipenlg:2006176	cuisine	italian	french	Provencal Potato Gratin
recipenlg:2007193	course	baking	main	Savory Sausage Rolls
recipenlg:2007493	cuisine		thai	Thai Steak Soup
recipenlg:2008258	cuisine		french	Banana Creme Brulee
recipenlg:2008973	cuisine	middle_eastern	indian	Curry Hummus Flat Bread with Tomato Chutney
recipenlg:2010101	course	side	main	Risotto Primavera
recipenlg:2010334	cuisine		spanish	Gazpacho
recipenlg:2011271	cuisine		mexican	Duck Tacos
recipenlg:2011323	course	baking	main	Beef Rolls: Bracioline
recipenlg:2011433	course	baking	main	Imperial Rolls with Shrimp
recipenlg:2012091	cuisine	mediterranean	french	Nicoise Salad With Basil and Anchovy-Lemon Vinaigrette
recipenlg:2014020	cuisine	vietnamese	japanese	Summer Rolls with Miso Sauce
recipenlg:2014020	course	baking	snack	Summer Rolls with Miso Sauce
recipenlg:2015443	cuisine	caribbean	indian	Grilled Chicken With Spicy West Indian Salsa Verde
recipenlg:2015966	course	baking	snack	Vegetable Summer Rolls
recipenlg:2016338	cuisine	vietnamese	thai	Pork Chops with Sticky Rice and Thai Green-Chile Sauce
recipenlg:2016559	cuisine	german_central_eu	british_irish	Hungarian-Style Shepherd's Pie
recipenlg:2017389	cuisine	thai	chinese	Thai Fried Rice
recipenlg:2018301	cuisine		spanish	Tomato Gazpacho with Avocado and Grilled Shrimp
recipenlg:2018486	cuisine		italian	Rosemary Focaccia with Olives
recipenlg:2019317	cuisine	thai	latin_american	Brazilian Fish, Shrimp and Mussel Stew
recipenlg:2019402	cuisine	thai	italian	Asian Seafood Risotto
recipenlg:2019402	course	side	main	Asian Seafood Risotto
recipenlg:2019746	cuisine		italian	Marlin with Sweet Potato Lime Risotto
recipenlg:2019746	course	side	main	Marlin with Sweet Potato Lime Risotto
recipenlg:2020266	cuisine	indian	east_west_african	Black-Eyed Peas with Coconut Milk and Ethiopian Spices
recipenlg:2020582	course	baking	main	Asian Salmon Rolls
recipenlg:2020602	cuisine	japanese	italian	East-West Risotto
recipenlg:2020602	course	side	main	East-West Risotto
recipenlg:2020772	cuisine		greek	Chicken Gyros
recipenlg:2021227	cuisine	german_central_eu	french	Smoked Salmon Quiche with Crispy Potato Crust
recipenlg:2021287	cuisine		japanese	Crisp Tempura Poached Egg over English Muffin with Red Pepper Corned Beef Hash
recipenlg:2021417	course	baking	main	Halupkis--Beef & Pork Filled Cabbage Rolls
recipenlg:2022068	course	baking	main	Pork and Mango Rolls
recipenlg:2022286	cuisine	british_irish	italian	Lemon Hazelnut Tiramisu
recipenlg:2023038	cuisine		french	Roasted Leg of Spring Lamb "Gigotan", with Baked Cannellini Beans and Confit of Spring Vegetables
recipenlg:2023771	cuisine		italian	New Classic Panzanella
recipenlg:2023778	course	side	main	Lemony Shrimp and Risotto
recipenlg:2024490	course	baking	main	Springing Shrimp Rolls
recipenlg:2024835	cuisine		spanish	Sangria Panna Cotta
recipenlg:2024887	course	baking	main	Mini Shrimp Rolls
recipenlg:2025149	cuisine	vietnamese	mexican	New Wave Guacamole
recipenlg:2025266	cuisine	vietnamese	chinese	Chicken-and-Shrimp Wonton Soup with Lemongrass Broth
recipenlg:2026020	cuisine		mexican	Apple, Cheddar, and Onion Quesadillas
recipenlg:2027625	cuisine		french	Ratatouille of Zucchini, Tomatoes, Eggplant, and Peppers
recipenlg:2029142	cuisine		french	Roasted Lamb with Monsieur Henry's Potato, Onion, and Tomato Gratin
recipenlg:2029453	cuisine		mexican	Pozole (Mexican pork and hominy stew)
recipenlg:2030528	cuisine	latin_american	spanish	Gazpacho Granita with Chopped Gazpacho Salad, Avocado and Flame Grilled Shrimp in Jalapeno Cilantro Oil
recipenlg:2030586	cuisine		indonesian_malaysian	Fried Satay
recipenlg:2030743	cuisine	spanish	italian	Brodetto di Cozze e Vongole con Bruschetta di Erbe (Steamed Clam and Mussel Soup)
recipenlg:2031234	course	dessert	snack	Santa Fe Cheesecake with Cilantro Pesto
recipenlg:2033478	cuisine	mediterranean	italian	Pan-Roasted Trout Bruschetta with Chili Vinaigrette
recipenlg:2034549	cuisine		mexican	Mushroom-Garlic Quesadillas
recipenlg:2034647	cuisine	mexican	latin_american	Pollo Asado
recipenlg:2035172	cuisine	thai	latin_american	Honduran Ceviche
recipenlg:2035511	cuisine	mediterranean	french	Ratatouille-and-Goat Cheese Dip
recipenlg:2036690	cuisine	spanish	italian	Shrimp and Scallop Risotto
recipenlg:2036690	course	side	main	Shrimp and Scallop Risotto
recipenlg:2038522	course	side	main	Barley Risotto With Wild Mushrooms
recipenlg:2038619	course	dessert	baking	Lemon Cake Roll
recipenlg:2038668	cuisine	vietnamese	filipino	Filipino Salad Crepes
recipenlg:2038714	cuisine	italian	french	Pasta Rags with Chicken Confit, Asparagus, and Teardrop Tomatoes
recipenlg:2039162	cuisine		french	Fennel Gratin
recipenlg:2039315	cuisine	chinese	british_irish	'Shepherd's Pie' with Asian Braised Duck
recipenlg:2039603	cuisine		indian	Pork Tenderloin with Mango Chutney
recipenlg:2040319	cuisine		indian	Indian Summer Citrus Pudding with Ginger Snaps and Salted Caramel
recipenlg:2040321	cuisine	mediterranean	french	Tuna Nicoise Canapes
recipenlg:2040887	cuisine		latin_american	Lola's Roast Chicken with Sambal Chimichurri
recipenlg:2041057	cuisine		thai	Grilled Chicken Wings with Two Thai Sauces
recipenlg:2041155	cuisine		indian	Tropical Glazed Ham with Curried Pineapple Chutney
recipenlg:2041751	cuisine		east_west_african	Deep-Fried Turkey with Berbere Spices
recipenlg:2041856	cuisine	mediterranean	french	Grilled Spice Rubbed Shrimp "Nicoise" Salad
recipenlg:2042253	cuisine	thai	chinese	Sweet and Sour Fish
recipenlg:2042697	course	side	main	Stir Fried Clams and Vegetables in Black Bean Sauce
recipenlg:2043053	cuisine	middle_eastern	italian	Pita Panzanella
recipenlg:2043168	cuisine	thai	indian	Panko Scallops with Green Chile Chutney
recipenlg:2043464	cuisine	indian	spanish	Coconut-Tomato Gazpacho with Coriander - Mint Pickled Shrimp
recipenlg:2043880	cuisine	french	british_irish	Chicken and Mushroom Shepherd's Pie with Parsnip Mash
recipenlg:2043965	cuisine	chinese	japanese	Chicken and Vegetable Stir-Fry with Udon Noodles
recipenlg:2044755	course	baking	main	Beef and Barley Cabbage Rolls
recipenlg:2045325	cuisine	indonesian_malaysian	thai	Thai Carrot Burgers
recipenlg:2046034	cuisine	mediterranean	greek	Grilled Vegetable Meze Platter with Carrot Tzatziki
recipenlg:2046454	cuisine		italian	Brined Roast Chicken with Olive Bread Panzanella
recipenlg:2047205	cuisine	spanish	italian	Risotto With Shrimp And Radicchio
recipenlg:2047205	course	side	main	Risotto With Shrimp And Radicchio
recipenlg:2048164	cuisine	turkish	german_central_eu	Minted Lamb and Rice Strudel
recipenlg:2048616	cuisine		indian	Smoky Pork Burgers with Apple and Onion Chutney
recipenlg:2049835	cuisine	spanish	italian	Main Course Seafood Risotto
recipenlg:2049835	course	side	main	Main Course Seafood Risotto
recipenlg:2049997	cuisine	spanish	southern_us	Bobby Flay's Fra Diavolo Jambalaya
recipenlg:2050048	cuisine	spanish	chinese	Sweet and Sour Chicken
recipenlg:2050158	cuisine		north_african	Lemony Shrimp and Asparagus on Minted Couscous
recipenlg:2050297	cuisine	southern_us	mexican	Black Bean Taco Fritters with Spicy Mayo
recipenlg:2051455	course	dessert	baking	Spicy Pecan Roll
recipenlg:2051650	cuisine	middle_eastern	indian	Grilled Baba Ghanoush with Grilled Naan
recipenlg:2051712	course	baking	side	Sweet Potato, Apple, and Sage Spoon Bread
recipenlg:2052383	cuisine		italian	Not Risotto With Shrimp and Winter Squash
recipenlg:2052383	course	side	main	Not Risotto With Shrimp and Winter Squash
recipenlg:2053949	cuisine	mediterranean	italian	Chunky Eggplant Bruschetta
recipenlg:2055188	cuisine		french	Salade Nicoise
recipenlg:2055307	cuisine		german_central_eu	German Apple Pancakes
recipenlg:2055684	cuisine		spanish	Yellow Tomato Gazpacho
recipenlg:2056836	course	side	main	Hawaiian Pork n' Greens
recipenlg:2056929	cuisine	vietnamese	thai	Prawn noodle rolls with Thai dipping sauce recipe
recipenlg:2056929	course	baking	main	Prawn noodle rolls with Thai dipping sauce recipe
recipenlg:2057762	cuisine		french	Clams with Hot Pepper, Saffron & Tomato Confit
recipenlg:2058293	cuisine		german_central_eu	Chicken and Sausage Sandwiches with Sauteed Bell Peppers and German Potato Salad
recipenlg:2058662	course	side	main	Grilled Steak and Vegetables With Lemon-Herb Butter
recipenlg:2058705	cuisine		turkish	Turkish Scrambled Eggs (Menemen)
recipenlg:2058934	cuisine	chinese	indian	Five-Spice Chicken Thighs with Plum Chutney
recipenlg:2059472	cuisine		middle_eastern	Quinoa Tabbouleh with Feta
recipenlg:2059658	cuisine	middle_eastern	mexican	Moroccan Burritos with Tahini Herb Sauce
recipenlg:2059892	cuisine	latin_american	chinese	Flank Steak Roulade over Arugula and Sweet and Sour Onions
recipenlg:2059892	course	dessert	main	Flank Steak Roulade over Arugula and Sweet and Sour Onions
recipenlg:2060642	cuisine	filipino	latin_american	Braised Pork Shoulder with Chimichurri
recipenlg:2061443	course	baking	snack	Grilled Vegetable Summer Rolls
recipenlg:2063010	cuisine		italian	Mushroom Bruschetta
recipenlg:2063524	cuisine	chinese	indian	Roast Five-Spice Duck with Honeyed-Mango Chutney Sauce
recipenlg:2064807	cuisine		mexican	Chicken with Banana-Basil Mole
recipenlg:2065309	cuisine		greek	Chickpea Croquettes with Greek Salad Topping
recipenlg:2065541	cuisine		indian	Tandoori Lamb Balls
recipenlg:2065776	course	side	main	Boeuf a la Mode (Beef and vegetables in red wine)
recipenlg:2066087	cuisine	thai	indonesian_malaysian	Chicken Satay Salad
recipenlg:2066629	course	side	main	Barley and Shiitake Mushroom Risotto
recipenlg:2066973	cuisine		mexican	Pico de Gallo
recipenlg:2067411	cuisine	mediterranean	french	Grilled Ratatouille Salad
recipenlg:2067650	course	side	main	Giambotta of Mixed Greens with Pork Spareribs
recipenlg:2069053	cuisine	caribbean	japanese	Tempura Hearts of Palm on a Bed of Warm Greens
recipenlg:2069399	cuisine	vietnamese	indonesian_malaysian	Bakso (Indonesian Beef Balls)
recipenlg:2069808	cuisine	persian	chinese	Iranian Sweet and Sour Meatballs Hodu Kabab
recipenlg:2070264	course	side	main	Sauteed Spring Vegetables with Bacon and Hazelnuts
recipenlg:2070753	cuisine	german_central_eu	latin_american	Red Cabbage, Blue Cheese, and Walnut Empanadas
recipenlg:2070831	course	side	main	Mushroom and Spring Vegetable Risotto
recipenlg:2072813	cuisine		latin_american	Hello Dolly Empanadas
recipenlg:2073546	cuisine	latin_american	mexican	Taco-Rubbed Flank Steak
recipenlg:2073701	cuisine	greek	french	Portobello Mushrooms with Ratatouille and Spinach
recipenlg:2074410	cuisine	mediterranean	french	Roasted Veggie Ratatouille (France)
recipenlg:2076527	cuisine		italian	Lemon Broccoli Risotto
recipenlg:2076527	course	side	main	Lemon Broccoli Risotto
recipenlg:2076636	cuisine	latin_american	mexican	Flank Steak Fajitas
recipenlg:2077210	cuisine	middle_eastern	north_african	Fresh Herb Couscous Salad
recipenlg:2077655	cuisine		north_african	Moroccan Olive Dip
recipenlg:2079531	course	dessert	snack	Smoked Sturgeon and Caramelized Onion Cheesecake
recipenlg:2080753	cuisine	italian	french	Ratatouille and Polenta Pot Pie
recipenlg:2080874	cuisine		japanese	Grilled Japanese Eggplant with Ginger-Plum Sauce
recipenlg:2082590	cuisine	italian	mexican	Italian Quesadillas
recipenlg:2082602	cuisine	american	latin_american	Brazilian Banana and White Chocolate Ice Cream Torte
recipenlg:2083849	course	side	main	Risotto With Spring Carrots and Leeks
recipenlg:2084486	cuisine		latin_american	Cod Ceviche
recipenlg:2084915	course	dessert	main	Tatanka Roulade
recipenlg:2086186	cuisine	middle_eastern	north_african	Catfish Fillets with Egyptian Tahini Sauce
recipenlg:2087222	course	baking	main	Chicken-and-Mushroom Rolls
recipenlg:2088037	course	baking	snack	Shrimp and Mango Summer Rolls
recipenlg:2088125	cuisine	german_central_eu	french	Cabbage And Potato Gratin With Mustard Bread Crumbs
recipenlg:2088165	cuisine		italian	Venison Osso Buco
recipenlg:2088974	cuisine	turkish	greek	Fried Greek Pastry with Honey and Nuts
recipenlg:2089009	cuisine		french	Potato, Zucchini, and Tomato Gratin
recipenlg:2089516	cuisine	filipino	chinese	Sweet and Sour Ski Pole Pork
recipenlg:2091135	cuisine	turkish	italian	Walnut Fougasse or Focaccia
recipenlg:2091587	cuisine	french	italian	Potato-Leek Focaccia
recipenlg:2091607	course	dessert	snack	Country Ham Cheesecake
recipenlg:2092274	cuisine	german_central_eu	british_irish	Cottage Pie
recipenlg:2092453	cuisine	american	southern_us	Skillet Cornbread With Strawberry Jam
recipenlg:2093391	course	dessert	baking	Rhubarb Lemon Cake Roll
recipenlg:2093465	course	side	main	Cabbage Roll Phyllo Pockets
recipenlg:2093897	cuisine	vietnamese	latin_american	Veggie Spring Rolls With Chimichurri Sauce
recipenlg:2093918	cuisine	italian	french	Eggplant, Mozzarella, and Pesto Gratins
recipenlg:2093996	cuisine	korean	chinese	Salmon Fried Rice with Carrots and Cabbage
recipenlg:2094716	cuisine	caribbean	indian	West Indian Lamb Curry
recipenlg:2094805	cuisine	mediterranean	french	Heirloom Tomato Salad with Tuna Confit
recipenlg:2095178	cuisine		italian	Grilled Panzanella Salad with Bell Peppers, Summer Squash, and Tomatoes
recipenlg:2095637	cuisine	caribbean	latin_american	Red Snapper Ceviche with Mango
recipenlg:2095703	cuisine	north_african	french	Harissa-Spiced Cassoulet
recipenlg:2097100	cuisine	american	southern_us	Honey and Fig Cornbread Muffins
recipenlg:2097451	cuisine		mexican	Hot Smoked Salmon with Grilled Peach and Basil Vinaigrette and Grilled Peach Quesadillas
recipenlg:2098897	course	dessert	main	Turkey Roulade with Spinach and Mushrooms
recipenlg:2098985	cuisine	mediterranean	french	Microwave Ratatouille
recipenlg:2099528	course	baking	snack	Vegetable Summer Rolls with Chile-Lime Dipping Sauce
recipenlg:2099768	cuisine		turkish	Turkish Bean and Herb Salad
recipenlg:2100571	course	side	main	Red Snapper Cooked en Papillote with Julienned Vegetables
recipenlg:2100590	cuisine	filipino	mexican	Beef Pozole
recipenlg:2101853	cuisine		indonesian_malaysian	Malaysian Stir-Fried Noodles With Shrimp
recipenlg:2101900	cuisine		latin_american	Shrimp Ceviche with Carrot, Orange, and Fennel
recipenlg:2102018	cuisine	turkish	french	Pistachio Gratin of Asparagus
recipenlg:2102301	course	baking	main	Veal Rolls with Pecorino and Balsamic Vinegar
recipenlg:2102516	cuisine		indian	Slow-Roasted Duck With Peppered Pineapple Chutney
recipenlg:2104015	cuisine	korean	chinese	Cabbage Fried Rice
recipenlg:2104129	course	dessert	main	Serrano Ham and Manchego Cheese Roulade
recipenlg:2104736	cuisine	mediterranean	french	Fragrant Gigante Beans with Garlic Confit and Mussels
recipenlg:2105386	cuisine	british_irish	french	Three Spice Creme Brulee
recipenlg:2106102	course	dessert	main	Horseradish-Crusted Steak Roulade
recipenlg:2106518	course	side	main	Herb Risotto With Bitter Greens And Sea Bass
recipenlg:2106978	cuisine		german_central_eu	Scandinavian Yellow Pea Soup
recipenlg:2107218	cuisine		caribbean	Poached Eggs with Cubanelle Pepper Puree
recipenlg:2107956	cuisine	southern_us	italian	Red Bell Pepper, Potato and Corn Risotto
recipenlg:2107956	course	side	main	Red Bell Pepper, Potato and Corn Risotto
recipenlg:2107995	cuisine		french	Nava Atlass Spinach, Leek and Potato Matzo Gratin
recipenlg:2109068	cuisine	caribbean	spanish	Crunchy Macadamia Nut Chicken Over Tropical Fruit Paella
recipenlg:2109366	course	baking	snack	Vietnamese Summer Rolls with Hot Mustard Sauce
recipenlg:2109628	cuisine	thai	chinese	Coconut-Kaffir Leaf Poached Halibut with Sauteed Chinese Cabbage
recipenlg:2109951	course	side	main	Old Bay Roasted Fish & Vegetables
recipenlg:2109952	cuisine	filipino	mexican	Sugar Busters! FajitasA Tex-Mex Mainstay.
recipenlg:2110158	cuisine		thai	Thai Lemongrass Tofu Skewers
recipenlg:2111850	cuisine	italian	french	Roasted Balsamic Poussin with a Fresh Tomato and Eggplant Gratin
recipenlg:2111900	course	side	main	Slow-Braised Short Ribs, Lardons, and Baby Vegetables
recipenlg:2114572	course	baking	main	Smoked Salmon and Curried-Potato Nori Rolls
recipenlg:2115637	course	side	main	Sherla's Southern Greens
recipenlg:2116521	cuisine		north_african	Moroccan Burger Salad
recipenlg:2117757	course	baking	main	Grilled Beef Rolls
recipenlg:2118946	cuisine	vietnamese	japanese	Southeast Asian Miso Soup
recipenlg:2120033	course	baking	main	Soul Rolls
recipenlg:2120482	course	baking	main	Tuna Rolls with Roasted Shallot-Wasabi Sauce
recipenlg:2120995	course	baking	side	Sweet Potato Spoon Bread
recipenlg:2123942	cuisine	middle_eastern	indian	Naan-chos
recipenlg:2124870	cuisine	caribbean	indian	West Indian Beef Stew
recipenlg:2125064	cuisine	italian	british_irish	Pancetta, Pear and Parmesan Scones
recipenlg:2126715	course	baking	snack	Noodle and Vegetable Rice Paper Rolls
recipenlg:2127177	cuisine	filipino	caribbean	Cuban-Style Marinated Slow-Roasted Pork Picnic Shoulder
recipenlg:2127294	cuisine		latin_american	Fast Feijoada
recipenlg:2127299	cuisine	greek	middle_eastern	Lebanese Stuffed Grape Leaves
recipenlg:2127659	cuisine		british_irish	Winter-Vegetable Shepherd's Pie
recipenlg:2128844	course	baking	side	Spoon Bread with Sour Cream and Cheese
recipenlg:2129847	cuisine		mexican	Sweet Cinnamon Tamale with Apples
recipenlg:2130488	cuisine	caribbean	german_central_eu	Caribbean Stew Over Pierogies
recipenlg:2132275	cuisine		mexican	Sunny Anderson's Steak Fajitas with Chimichurri and Drunken Peppers
recipenlg:2132719	course	baking	main	Beef Rolls with Ham and Vegetables Stuffing
recipenlg:2133163	cuisine	mediterranean	french	Classic Tuna Nicoise Salad
recipenlg:2134428	cuisine		chinese	Tea Smoked Braised Boar with Spam-Pineapple Fried Rice
recipenlg:2134599	cuisine	turkish	greek	Nutty Granola with Strawberry Compote and Greek Yogurt
recipenlg:2134790	course	baking	main	Fried Pork Rolls with Ham
recipenlg:2135067	course	baking	snack	Soft Asian Summer Rolls with Sweet and Savory Dipping Sauce
recipenlg:2137024	cuisine	north_african	italian	Risotto with Corn and Roasted Peppers
recipenlg:2137024	course	side	main	Risotto with Corn and Roasted Peppers
recipenlg:2137781	cuisine	french	italian	Potato Lasagna With Wild Mushrooms And Herb Sauce
recipenlg:2138147	course	dessert	breakfast	Blueberry Poppy Seed Brunch Cake
recipenlg:2138724	cuisine	vietnamese	korean	Triple Pork Burgers with Quick Cucumber Kimchi
recipenlg:2138778	cuisine	filipino	mexican	Chicken Pozole
recipenlg:2138791	cuisine	filipino	southern_us	Chorizo and Cornbread Stuffing
recipenlg:2141244	cuisine	spanish	latin_american	Lobster Ceviche
recipenlg:2141495	cuisine	middle_eastern	indian	Lentil and Split Pea Dip with Roasted Garlic Naan
recipenlg:2141945	cuisine		italian	Pan-Seared Pickerel on Mixed Vegetable-and-Crab Panzanella
recipenlg:2142181	cuisine	mexican	latin_american	Shrimp Ceviche in Toasted Corn Cups
recipenlg:2142428	cuisine	mediterranean	french	La Ratatouille Nicoise
recipenlg:2144102	cuisine		latin_american	Pork Tenderloin Churrasco
recipenlg:2144456	cuisine	latin_american	caribbean	Braised Short Ribs with Seared Scallop on Mofongo Cake
recipenlg:2145103	cuisine		italian	MinestroneVegetarian or with Pork
recipenlg:2145111	cuisine		southern_us	Sweet Potato Cornbread with Collard Confetti
recipenlg:2145866	cuisine	caribbean	mexican	Rabbit Mole
recipenlg:2146101	cuisine	mediterranean	french	Herb Crusted Snapper with Fresh Ratatouille
recipenlg:2146344	cuisine	turkish	north_african	Couscous Custard
recipenlg:2146847	cuisine		chinese	Pineapple Fried Rice
recipenlg:2146996	course	side	main	Pinot Noir-Glazed Squab with Roasted Vegetables
recipenlg:2148949	cuisine	french	mexican	The Lux Quesadilla
recipenlg:2149842	cuisine		thai	Thai Deviled Eggs
recipenlg:2150534	course	baking	main	Coronation Chicken Rolls
recipenlg:2150669	cuisine	turkish	greek	Go Greek: Grape Molasses Cake
recipenlg:2152938	cuisine	turkish	german_central_eu	Vanilla-Scented Pear Strudel with Hazelnuts and Chocolate Sauce
recipenlg:2154768	cuisine	middle_eastern	north_african	Garbanzo Bean and Potato Fritters with Red Bell Pepper Harissa
recipenlg:2154919	cuisine		korean	Pat Bing Soo (Korean Shaved Ice)
recipenlg:2155342	cuisine		north_african	Moroccan Flatbread Stuffed with Onion, Parsley, and Cumin
recipenlg:2156407	cuisine		chinese	Crab Salad in Crisp Wonton Cups
recipenlg:2156964	cuisine	caribbean	japanese	Coconut Tempura Shrimp
recipenlg:2158030	course	side	main	Sesame-Crusted Red Snapper with Ginger-Dressed Snappy Veggies
recipenlg:2158692	course	side	main	Chunky Turkey, Potatoes, and Veggies in Red Wine Sauce
recipenlg:2158921	cuisine	indonesian_malaysian	chinese	Nasi Goreng: Indonesian Fried Rice
recipenlg:2159340	cuisine	thai	german_central_eu	Russian Style Spring Dumplings
recipenlg:2159483	cuisine	caribbean	indian	Jerked Pork Chops with Fresh Papaya Chutney
recipenlg:2161118	cuisine		north_african	Honey-Harissa Chicken Wings
recipenlg:2161303	cuisine	german_central_eu	british_irish	Shepherd's Pie
recipenlg:2161680	course	breakfast	main	Tuna Omelet Roll: Rotolo di Frittata con Tonno
recipenlg:2161961	course	side	main	Orzo Risotto with Sausage and Artichokes
recipenlg:2162007	course	baking	main	Stuffed Cabbage Rolls
recipenlg:2162911	cuisine		mexican	Fajita-Filling Onions and Peppers
recipenlg:2162980	cuisine		italian	Pear-White Pepper Tiramisu
recipenlg:2162982	cuisine		turkish	Turkish Shish Kebabs with Garlicky Tahini
recipenlg:2163518	cuisine	persian	middle_eastern	Lebanese Rice and Lentils with Caramelized Onions
recipenlg:2164583	cuisine	middle_eastern	greek	Greek Salad with Bulgur in Pita Pockets
recipenlg:2164604	course	dessert	main	Spicy Tex-Mex Chicken Cobbler
recipenlg:2165098	cuisine		north_african	Pearl Couscous with Olives and Roasted Tomatoes
recipenlg:2166376	cuisine		latin_american	Miguel's Ceviche
recipenlg:2168286	course	baking	main	Sicilian-Style Swordfish Rolls with Fennel and Radicchio Salad
recipenlg:2168581	cuisine	spanish	german_central_eu	Borschtpacho
recipenlg:2168772	cuisine		italian	Peppered Chicken Liver, Sage, and Fried Onion Bruschetta
recipenlg:2169242	course	main	breakfast	Cal-Mex Veggie Breakfast Burrito
recipenlg:2169355	course	baking	side	Corn Spoon Bread
recipenlg:2169559	cuisine		mexican	Strawberry Tamales
recipenlg:2170712	course	dessert	snack	Green Chile Cheesecake with Papaya Salsa Wilson
recipenlg:2171682	cuisine		french	Veggie Nicoise Salad
recipenlg:2172333	course	side	main	Grilled Swordfish with Vegetables Basquaise
recipenlg:2173453	cuisine	greek	persian	Watercress, Cucumber and Feta Sandwiches (Persian Piadine)
recipenlg:2173560	course	baking	main	Grilled Shrimp Rolls with Sorrel
recipenlg:2173764	cuisine	latin_american	italian	Latin Lasagna
recipenlg:2174120	cuisine		italian	Focaccia with Sage
recipenlg:2174379	cuisine	turkish	greek	Karithopita (Greek Walnut and Olive Oil Cake with Orange Syrup)
recipenlg:2175494	course	baking	main	Herbed Fish Rolls in White Wine with Grapes
recipenlg:2175785	course	side	main	Smoky Collard Greens
recipenlg:2177140	course	side	main	Jerk Rib-Eye with Honey Glazed Plantains and Sauteed Collard Greens
recipenlg:2177489	course	snack	main	Salmon and Herbed Onion Tempura Roll with Wasabi Soy-Honey Dipping Sauce
recipenlg:2177900	cuisine	indonesian_malaysian	thai	Massaman Curry
recipenlg:2178218	cuisine	filipino	mexican	Too Hot Tamales Pickled Shrimps
recipenlg:2179326	course	side	main	Roast-Your-Own Honey-Roasted Turkey Breast and Vegetables
recipenlg:2179835	cuisine	indian	turkish	Aloo Kofta (Fried Potato Balls)
recipenlg:2180302	cuisine		chinese	Sweet and Sour Lamb With Okra (Bamia)
recipenlg:2181387	course	side	main	Grilled Basil Chicken and Baby Greens
recipenlg:2181661	cuisine		italian	Minestrone
recipenlg:2182489	cuisine	turkish	middle_eastern	Lebanese Apricot Cream
recipenlg:2182524	course	side	main	Salmon and Vegetables En Papillote
recipenlg:2182550	cuisine	caribbean	latin_american	Ceviche (Shrimp and Grouper) with Serrano Chiles, Mango, Smoked Tomatoes, Crispy Plantain Chips
recipenlg:2184092	course	baking	main	Sweet and Savory Stuffed Veal Rolls with a Mustard Pan Sauce
recipenlg:2184292	cuisine		german_central_eu	Mushroom & Leek Strudels
recipenlg:2185230	cuisine	persian	chinese	Sweet and Sour Stuffed Grape Leaves
recipenlg:2185796	course	baking	snack	Daikon-Papaya Summer Rolls with Minted Yogurt Sauce
recipenlg:2186110	course	sauce_condiment	main	Super 5 Star Roll with Shut Up Sauce
recipenlg:2186804	cuisine		french	Softshell Crab Nicoise Salad
recipenlg:2187424	cuisine	thai	mexican	Ginger Shrimp with Papaya Pico de Gallo
recipenlg:2188434	cuisine	korean	japanese	Japanese-Style "Meat and Potatoes"
recipenlg:2189267	cuisine	greek	german_central_eu	Crab and Goat Cheese Strudel
recipenlg:2189717	cuisine		north_african	Turkey Couscous Meatloaves
recipenlg:2191777	cuisine	mediterranean	chinese	Stuffed Sardines with Sweet and Sour Peppers: Sarde Ripiene
recipenlg:2192116	course	dessert	baking	Apple Cranberry Filled Walnut Cake Roll
recipenlg:2192353	course	baking	main	Cabbage Rolls
recipenlg:2192691	cuisine	mediterranean	french	Broiled Swordfish a la Nicoise
recipenlg:2192841	cuisine	italian	french	Stuffed Trout with Purple-Potato Gratin
recipenlg:2192875	cuisine	turkish	german_central_eu	Cherry-Cheese Strudel
recipenlg:2193146	cuisine		italian	Roast Chicken Panzanella
recipenlg:2193229	cuisine	spanish	italian	Squid Risotto
recipenlg:2193229	course	side	main	Squid Risotto
recipenlg:2193360	cuisine		indian	Indian Nopales Salad
recipenlg:2193532	course	side	main	Fresh Pea And Morel-Mushroom Risotto With Grilled Quail
recipenlg:2193946	cuisine	filipino	mexican	Braised Short Ribs in Pasilla Chile Pozole
recipenlg:2194931	cuisine	mediterranean	french	Garlicky Clams with Confited Potatoes
recipenlg:2195802	cuisine	greek	french	Ratatouille Strata with Lamb and Olives
recipenlg:2196877	cuisine	german_central_eu	british_irish	Bangers and Mash
recipenlg:2197628	cuisine		french	Gratin of Flounder
recipenlg:2197643	course	baking	snack	Vietnamese Summer Rolls
recipenlg:2197947	cuisine	mediterranean	north_african	Grilled Mussels with Simmered Tomatoes over Couscous
recipenlg:2198066	cuisine	vietnamese	thai	Crab Rolls with Thai Chile Sauce
recipenlg:2198066	course	baking	main	Crab Rolls with Thai Chile Sauce
recipenlg:2199235	cuisine		french	Chilled Green Tomato Soup with Tomato Confit
recipenlg:2200491	cuisine		french	Mediterranean Summer Vegetable Gratin
recipenlg:2202220	cuisine	italian	french	Butternut Squash and Potato Gratin with Fresh Sage
recipenlg:2203283	cuisine	mediterranean	french	Grilled Tuna Salade Nicoise
recipenlg:2203403	course	baking	main	Crawfish Rolls
recipenlg:2203661	cuisine	turkish	greek	Greek Turnovers: Diples
recipenlg:2203863	cuisine		spanish	Gazpacho Granita
recipenlg:2205567	cuisine		greek	Pan-Fried Salmon with Green Goddess Tzatziki
recipenlg:2206211	cuisine	indonesian_malaysian	thai	Thai Beef Skewers With Pickled Cucumbers
recipenlg:2208141	cuisine		vietnamese	Vietnamese Grilled Squid Salad
recipenlg:2208186	cuisine	thai	chinese	Thai Fried Rice
recipenlg:2209156	cuisine		italian	Lemony Chickpea Bruschetta
recipenlg:2209342	cuisine		french	Toulouse-Style Cassoulet
recipenlg:2209843	cuisine	caribbean	mexican	Jerk Chicken Tacos Recipe
recipenlg:2210029	cuisine	spanish	mexican	Clams and Lobster Enchilada
recipenlg:2210198	cuisine		middle_eastern	Lebanese Meat-Stuffed Pitas (Arayes)
recipenlg:2210699	cuisine	filipino	mexican	Smoky Peanut Mole with Grilled Pork Loin (Lomo de Puerco Asado en Mole de Cacahuate)
recipenlg:2210736	cuisine	british_irish	german_central_eu	Pear-Ginger Strudel with Ginger-Custard Sauce
recipenlg:2211395	cuisine		vietnamese	Vietnamese Coconut Lemongrass Chicken
recipenlg:2211856	cuisine		mexican	Pork Quesadillas
recipenlg:2212507	cuisine		spanish	Gazpacho With Lime Chicken
recipenlg:2212770	cuisine	latin_american	italian	Fiery Summer Bruschetta with Zesty Olive Spread and Spicy Candied Bacon
recipenlg:2213714	course	side	main	Mixed Vegetables with Anchovies and Olives
recipenlg:2213831	cuisine		thai	Thai-Style Steak Salad
recipenlg:2215248	course	side	main	Coq au Vin With Roasted Vegetables
recipenlg:2215571	cuisine	british_irish	italian	Strawberry Tiramisu Cones
recipenlg:2215705	cuisine		vietnamese	Vietnamese Summer Rolls with Spicy Peanut Sauce
recipenlg:2215705	course	baking	snack	Vietnamese Summer Rolls with Spicy Peanut Sauce
recipenlg:2216587	cuisine	filipino	southern_us	Pulled Pork BBQ Wrap
recipenlg:2218526	cuisine	caribbean	east_west_african	Ghanaian Spinach Stew With Sweet Plantains
recipenlg:2218669	cuisine		british_irish	Parker's Fish and Chips
recipenlg:2219357	course	main	snack	Spring Roll, Master Recipe
recipenlg:2219604	course	side	main	Skillet Chicken and Spring Vegetables
recipenlg:2219646	cuisine	mexican	chinese	Fresh-Mex Corn Wontons
recipenlg:2220504	course	baking	snack	Sugar Snap Pea Summer Rolls
recipenlg:2221219	cuisine	italian	french	Savory Croissant Breakfast Pudding
recipenlg:2221219	course	dessert	breakfast	Savory Croissant Breakfast Pudding
recipenlg:2221917	cuisine	middle_eastern	north_african	Fried Pickled Potatoes with Harissa Tahini
recipenlg:2223162	course	dessert	snack	Bite Size Goat Cheese and California Walnut Cheesecakes
recipenlg:2223859	cuisine	mediterranean	north_african	Swordfish With Couscous Salad
recipenlg:2223950	cuisine	vietnamese	thai	Thai Shrimp Spring Rolls
recipenlg:2224408	course	dessert	main	Collard Cobbler with Cornmeal Biscuits
recipenlg:2224829	cuisine	mediterranean	french	Grilled Ratatouille
recipenlg:2225529	course	baking	snack	Summer Rolls with Ginger Dipping Sauce
recipenlg:2225664	course	baking	snack	Soft Rice Paper Rolls with Prawns and Pork: Goi Cuon
recipenlg:2226249	cuisine		persian	Persian Chickpea and Chicken Dumplings
recipenlg:2227363	cuisine		caribbean	Poulet Roti Tout Simple (Simple Roast Chicken)
recipenlg:2227517	cuisine	spanish	italian	Seafood Risotto
recipenlg:2227517	course	side	main	Seafood Risotto
recipenlg:2227791	cuisine		italian	Pumpkin Bruschetta
recipenlg:2228051	cuisine	mediterranean	north_african	Mediterranean Couscous Salad with Roasted Vegetables
recipenlg:2228467	cuisine		french	Chicken Salad Nicoise
recipenlg:2229942	cuisine	turkish	german_central_eu	Banana-Split Strudel
recipenlg:2230675	course	side	main	Dirty Risotto
recipesfromitaly:how-to-cook-risotto	course	side	main	How To Cook Risotto. 10 Tips for a Perfect Risotto
recipesfromitaly:blueberry-risotto-italian-risotto-with-fresh-blueberries	course	side	main	Blueberry Risotto (Italian Risotto with Fresh Blueberries)
recipesfromitaly:artichoke-risotto-recipe	course	side	main	Italian Artichoke Risotto Recipe
recipesfromitaly:italian-sausage-risotto-with-treviso-radicchio	course	side	main	Italian Sausage and Radicchio Risotto Recipe
recipesfromitaly:stuffed-chicken-rolls	course	baking	main	Italian Stuffed Chicken Rolls (Involtini di Pollo)
recipesfromitaly:braciole-alla-napoletana	course	baking	main	Braciole alla Napoletana (Italian Stuffed Beef Rolls)
recipesfromitaly:fresh-fig-risotto-recipe	course	side	main	Fresh Fig Risotto Recipe
recipesfromitaly:risotto-with-peas-and-zucchini-flowers	course	side	main	Risotto with Peas & Zucchini Flowers Recipe
recipesfromitaly:pumpkin-risotto-recipe	course	side	main	Risotto alla Zucca (Traditional Italian Pumpkin Risotto)
recipesfromitaly:tomato-risotto-recipe	course	side	main	Italian Tomato Risotto (Risotto al Pomodoro)
recipesfromitaly:savory-caprese-cheesecake	course	dessert	snack	Savory Caprese Cheesecake Recipe
recipesfromitaly:mushroom-risotto-recipe	course	side	main	Italian Mushroom Risotto Recipe
recipesfromitaly:hazelnut-risotto	course	side	main	Hazelnut Risotto with Pecorino Cheese
recipesfromitaly:strawberry-risotto-recipe	course	side	main	Strawberry Risotto Recipe
recipesfromitaly:grape-risotto-recipe	course	side	main	Grape Risotto Recipe (Risotto all'Uva)
recipesfromitaly:bombette-pugliesi-meat-rolls	course	baking	main	Bombette Pugliesi (Traditional Italian Meat Rolls)
recipesfromitaly:nutella-cake-roll	course	dessert	baking	Nutella Cake Roll (Soft and Fluffy Italian Roll Cake)
recipesfromitaly:stuffed-cabbage-rolls	course	baking	main	Italian Stuffed Cabbage Rolls Recipe
recipesfromitaly:cacio-e-pepe-risotto	course	side	main	Cacio e Pepe Risotto Recipe
recipesfromitaly:saffron-spaghetti	course	side	main	Saffron Spaghetti Cooked Risotto-style
recipesfromitaly:tiramisu-cake-roll	course	dessert	baking	Creamy Tiramisu Cake Roll Recipe
recipesfromitaly:risotto-with-gorgonzola-pear-and-walnuts	course	side	main	Risotto with Gorgonzola, Pear and Walnuts
recipesfromitaly:lemon-risotto-recipe	course	side	main	Lemon Risotto Recipe – Creamy Italian Risotto with Fresh Lemon
recipesfromitaly:leek-risotto-recipe	course	side	main	Leek Risotto Recipe (Risotto ai Porri)
recipesfromitaly:saffron-risotto-recipe	course	side	main	Italian Saffron Risotto Recipe (Risotto alla Milanese)
recipesfromitaly:risotto-alla-monzese-italian-saffron-risotto-with-sausage	course	side	main	Italian Saffron Risotto with Sausage (Risotto alla Monzese)
recipesfromitaly:asparagus-risotto	course	side	main	Italian Asparagus Risotto Recipe
recipesfromitaly:shrimp-and-zucchini-risotto	course	side	main	Shrimp and Zucchini Risotto
recipetinjapan:cabbage-rolls-japanese-style	course	baking	main	Cabbage Rolls - Japanese Style
recipetinjapan:asparagus-rolls-with-pork	course	baking	main	Asparagus Rolls with Pork
recipetinjapan:chikuzenni-simmered-chicken-and-vegetables-two-ways	course	side	main	Chikuzenni (Simmered Chicken and Vegetables)
recipetinjapan:salty-chicken-rolls	course	baking	main	Simple Salt Chicken Rolls
recipetinjapan:smoked-salmon-rolls-with-daikon-and-perilla	course	baking	main	Smoked Salmon Rolls with Daikon and Perilla
recipetinjapan:beef-rolls-asparagus	course	baking	main	Beef Rolls with Asparagus
recipetinjapan:chicken-rolls-stuffed-with-vegetables-chicken-yawata-maki	course	baking	main	Chicken Rolls Stuffed with Vegetables (Chicken Yawata-maki)
recipetinjapan:take-away-sushi-rolls	course	baking	main	Take Away Sushi Rolls
recipetinjapan:tempura-prawn-rolls	course	baking	main	Tempura Prawn Rolls
recipetinjapan:salmon-avocado-rolls	course	baking	main	Salmon Avocado Rolls
recipetinjapan:spicy-tuna-rolls	course	baking	main	Spicy Tuna Rolls
recipetinjapan:california-rolls	course	baking	main	California Rolls
rotinrice:futomaki-thick-sushi-rolls	course	baking	main	Futomaki – Thick Sushi Rolls
rotinrice:gluten-free-ham-and-cheese-breakfast-quesadillas	course	snack	breakfast	Gluten-Free Ham and Cheese Breakfast Quesadillas
rotinrice:money-bag-dumplings-and-cabbage-rolls	course	baking	main	Money Bag Dumplings and Cabbage Rolls
rotinrice:lobak-five-spice-meat-rolls	course	baking	main	Lobak (Five-Spice Meat Rolls)
rotinrice:yang-chow-fried-rice-and-egg-roll-platter	course	main	snack	Yang Chow Fried Rice and Egg Roll Platter
rotinrice:yong-tau-foo	course	side	main	Yong Tau Foo (Stuffed Tofu and Vegetables)
rotinrice:spring-greens-ambrosia-salad	course	side	dessert	Spring Greens Ambrosia Salad
rotinrice:potica-slovenian-nut-roll-for-easter	course	dessert	baking	Potica (Slovenian Nut Roll)
singaporeanmalaysianrecipes:laksa-risotto-recipe	course	side	main	Laksa Risotto Recipe (A Malay-Italian Fusion)
thematbakh:egg-white-breakfast-casserole	course	main	breakfast	Egg White Breakfast Casserole with Turkey Sausage
thematbakh:palestinian-sumac-chicken-rolls-musakhan	course	baking	main	Musakhan Chicken Rolls
themealdb:53439	cuisine		latin_american	Arepa
themealdb:53482	cuisine	filipino	latin_american	Black bean & meat stew - feijoada
themealdb:52965	course	main	breakfast	Breakfast Potatoes
themealdb:52999	course	side	main	Crispy Sausages and Greens
themealdb:53387	course	dessert	breakfast	Dutch Spiced Breakfast Cake (Ontbijtkoek)
themealdb:52957	course	dessert	breakfast	Fruit and Cream Cheese Breakfast Pastries
themealdb:53021	course	side	main	Golabki (cabbage roll)
themealdb:53449	cuisine		greek	Kelem dolmasi
themealdb:53551	cuisine		british_irish	Old-fashioned Danish Apple Trifle
themealdb:53566	course	baking	main	plantain rolls
themealdb:52823	course	side	main	Salmon Prawn Risotto
themealdb:53432	cuisine		caribbean	Slow-cooked, Wadadli-spiced Cubano pork belly
themealdb:53448	cuisine		indian	Tendir Choreyi (Tandoori Bread)
themealdb:53243	course	baking	main	Vietnamese prawn spiralized rolls
themealdb:53241	course	side	main	Vietnamese veg parcels
themealdb:53062	course	dessert	baking	Walnut Roll Gužvara
thespicespoon:kulfi	course	main	dessert	Kulfi
thewoksoflife:shrimp-rice-noodle-rolls-cheung-fun	course	baking	main	Shrimp Rice Noodle Rolls (Shrimp Cheung Fun or “Ha Cheung”)
thewoksoflife:shanghai-breakfast-rice-rolls	course	baking	breakfast	Shanghai Breakfast Rice Rolls (Ci Fan 粢饭)
thewoksoflife:chinese-swiss-roll	course	dessert	baking	Chinese Swiss Roll
thewoksoflife:vietnamese-summer-rolls-shrimp	course	baking	snack	Vietnamese Summer Rolls with Seared Shrimp
thewoksoflife:lobster-rolls-ginger-scallions	course	baking	main	Lobster Rolls with Crispy Ginger & Scallions
thewoksoflife:shanghai-cai-fan-rice-salted-pork-greens	course	side	main	Shanghai Cai Fan (Rice with Salted Pork and Greens)
thewoksoflife:curry-lime-chicken-phyllo-rolls	course	baking	main	Curry Lime Chicken Phyllo Rolls
thewoksoflife:chinese-scallion-rolls	course	baking	main	Chinese Scallion Rolls (Hua Juan)
thewoksoflife:taiwanese-beef-rolls	course	baking	main	Taiwanese Beef Rolls
thewoksoflife:mei-cai-kou-rou-pork-belly	course	side	main	Mei Cai Kou Rou (Steamed Pork Belly w/ Preserved Mustard Greens)
thewoksoflife:homemade-breakfast-sausage-recipe	course	main	breakfast	Our Homemade Breakfast Sausage Recipe
thewoksoflife:beef-and-pickled-mustard-greens-haam-choy	course	side	main	Beef and Pickled Mustard Greens (Haam Choy)
thewoksoflife:egg-roll-in-a-bowl	course	main	snack	Egg Roll in a Bowl
thewoksoflife:egg-roll-wrappers	course	main	snack	Egg Roll Wrappers
thewoksoflife:chow-har-kew-stir-fried-crispy-shrimp	course	side	main	Chow Har Kew (Crispy Shrimp with Vegetables)
